model_id,dimension,temp_a,temp_b,wilcoxon_T,p_raw,p_holm,rank_biserial_r,n_pairs
Qwen_Qwen3-32B,Individualism,0.0,0.5,3072.5,0.0998750040087502,0.2996250120262506,0.16745698414848942,396
Qwen_Qwen3-32B,Individualism,0.0,1.0,3716.0,0.24614597064957555,0.4922919412991511,0.11365533691115082,396
Qwen_Qwen3-32B,Individualism,0.5,1.0,2331.0,0.6018227598882282,0.6018227598882282,0.05818181818181822,396
Qwen_Qwen3-32B,Indulgence,0.0,0.5,1409.0,0.044279502299765655,0.08855900459953131,0.22900136798905613,417
Qwen_Qwen3-32B,Indulgence,0.0,1.0,1950.0,0.00856281219264013,0.025688436577920394,0.27184466019417475,417
Qwen_Qwen3-32B,Indulgence,0.5,1.0,2184.0,0.5603552622484234,0.5603552622484234,0.061855670103092786,417
Qwen_Qwen3-32B,Long_Term_Orientation,0.0,0.5,3415.0,0.44919816564606896,0.8401204274991382,0.07465113128302403,423
Qwen_Qwen3-32B,Long_Term_Orientation,0.0,1.0,5125.0,0.8401204274991382,0.8401204274991382,0.01819923371647514,423
Qwen_Qwen3-32B,Long_Term_Orientation,0.5,1.0,3715.5,0.2930437645831385,0.8401204274991382,0.09992732558139539,423
Qwen_Qwen3-32B,Masculinity,0.0,0.5,4379.0,0.9805447579511765,0.9805447579511765,0.0022784233310548796,435
Qwen_Qwen3-32B,Masculinity,0.0,1.0,4443.0,0.029919888489816217,0.059839776979632435,0.19408670415381823,435
Qwen_Qwen3-32B,Masculinity,0.5,1.0,3595.5,0.019818191143244856,0.059454573429734564,0.21666666666666667,435
Qwen_Qwen3-32B,Power_Distance,0.0,0.5,3647.0,0.35224568588310434,0.35224568588310434,0.08836395450568679,450
Qwen_Qwen3-32B,Power_Distance,0.0,1.0,4245.5,0.3341423580544238,0.35224568588310434,0.08855732073851441,450
Qwen_Qwen3-32B,Power_Distance,0.5,1.0,4195.0,0.05298186372730724,0.15894559118192172,0.17364325815030035,450
Qwen_Qwen3-32B,Uncertainty_Avoidance,0.0,0.5,3455.5,0.08431988782311499,0.23279654019099863,0.1629118217054264,444
Qwen_Qwen3-32B,Uncertainty_Avoidance,0.0,1.0,4248.0,0.9807525101221596,0.9807525101221596,0.002231356429829745,444
Qwen_Qwen3-32B,Uncertainty_Avoidance,0.5,1.0,3567.5,0.11639827009549931,0.23279654019099863,0.14907573047107936,444
deepseek-ai_DeepSeek-R1-Distill-Qwen-32B,Individualism,0.0,0.5,2583.0,0.014049161515825675,0.04214748454747702,0.25162972620599744,393
deepseek-ai_DeepSeek-R1-Distill-Qwen-32B,Individualism,0.0,1.0,4760.0,0.03187241394865055,0.0637448278973011,0.19191919191919193,393
deepseek-ai_DeepSeek-R1-Distill-Qwen-32B,Individualism,0.5,1.0,5214.0,0.9900715870336821,0.9900715870336821,0.0011494252873562871,393
deepseek-ai_DeepSeek-R1-Distill-Qwen-32B,Indulgence,0.0,0.5,4131.0,0.5315927103350243,0.5315927103350243,0.058783321941216715,417
deepseek-ai_DeepSeek-R1-Distill-Qwen-32B,Indulgence,0.0,1.0,4892.5,0.00991941639621706,0.02975824918865118,0.22100151261842205,417
deepseek-ai_DeepSeek-R1-Distill-Qwen-32B,Indulgence,0.5,1.0,3664.5,0.04256294646127999,0.08512589292255998,0.1897180762852405,417
deepseek-ai_DeepSeek-R1-Distill-Qwen-32B,Long_Term_Orientation,0.0,0.5,5887.5,0.1673465674784662,0.1673465674784662,0.11903336824779287,423
deepseek-ai_DeepSeek-R1-Distill-Qwen-32B,Long_Term_Orientation,0.0,1.0,3777.5,0.0017212003056177338,0.005163600916853202,0.2862541332073689,423
deepseek-ai_DeepSeek-R1-Distill-Qwen-32B,Long_Term_Orientation,0.5,1.0,5861.0,0.15587663025759926,0.1673465674784662,0.1229986532994164,423
deepseek-ai_DeepSeek-R1-Distill-Qwen-32B,Masculinity,0.0,0.5,5480.0,0.015328933276993213,0.030657866553986425,0.2092922588557824,432
deepseek-ai_DeepSeek-R1-Distill-Qwen-32B,Masculinity,0.0,1.0,5520.0,0.006704823572471077,0.020114470717413232,0.23146536721197353,432
deepseek-ai_DeepSeek-R1-Distill-Qwen-32B,Masculinity,0.5,1.0,8222.5,0.7741900257039755,0.7741900257039755,0.023224043715846965,432
deepseek-ai_DeepSeek-R1-Distill-Qwen-32B,Power_Distance,0.0,0.5,8235.5,0.13212810018831922,0.26425620037663844,0.12018588750600934,447
deepseek-ai_DeepSeek-R1-Distill-Qwen-32B,Power_Distance,0.0,1.0,9281.5,0.11735170737964622,0.26425620037663844,0.12086194648354254,447
deepseek-ai_DeepSeek-R1-Distill-Qwen-32B,Power_Distance,0.5,1.0,7130.0,0.6225788344605492,0.6225788344605492,0.04153784110767578,447
deepseek-ai_DeepSeek-R1-Distill-Qwen-32B,Uncertainty_Avoidance,0.0,0.5,6745.5,0.16036591457301097,0.4810977437190329,0.11389162561576349,444
deepseek-ai_DeepSeek-R1-Distill-Qwen-32B,Uncertainty_Avoidance,0.0,1.0,10149.0,0.31893356628264324,0.6378671325652865,0.0750512645249487,444
deepseek-ai_DeepSeek-R1-Distill-Qwen-32B,Uncertainty_Avoidance,0.5,1.0,8437.0,0.915658965326544,0.915658965326544,0.008578143360752022,444
google_gemma-3-27b-it,Individualism,0.0,0.5,1.0,0.6547208460185769,0.7227393560097866,0.33333333333333337,396
google_gemma-3-27b-it,Individualism,0.0,1.0,66.0,0.5996971931693087,0.7227393560097866,0.13725490196078427,396
google_gemma-3-27b-it,Individualism,0.5,1.0,69.5,0.7227393560097866,0.7227393560097866,0.09150326797385622,396
google_gemma-3-27b-it,Indulgence,0.0,0.5,1.5,1.0,1.0,0.0,417
google_gemma-3-27b-it,Indulgence,0.0,1.0,3.0,1.0,1.0,0.0,417
google_gemma-3-27b-it,Indulgence,0.5,1.0,7.5,1.0,1.0,0.0,417
google_gemma-3-27b-it,Long_Term_Orientation,0.0,0.5,3.5,0.10247043485974941,0.20494086971949882,0.6666666666666667,423
google_gemma-3-27b-it,Long_Term_Orientation,0.0,1.0,4.5,0.033894853524689246,0.10168456057406774,0.75,423
google_gemma-3-27b-it,Long_Term_Orientation,0.5,1.0,13.5,0.47950012218695337,0.47950012218695337,0.25,423
google_gemma-3-27b-it,Masculinity,0.0,0.5,2.5,0.31731050786291415,0.36571229628151325,0.5,435
google_gemma-3-27b-it,Masculinity,0.0,1.0,15.0,0.16551785869747015,0.36571229628151325,0.4545454545454546,435
google_gemma-3-27b-it,Masculinity,0.5,1.0,12.0,0.36571229628151325,0.36571229628151325,0.33333333333333337,435
google_gemma-3-27b-it,Power_Distance,0.0,0.5,39.0,1.0,1.0,0.0,450
google_gemma-3-27b-it,Power_Distance,0.0,1.0,8.0,0.25683925795785656,0.7314245925630265,0.4285714285714286,450
google_gemma-3-27b-it,Power_Distance,0.5,1.0,24.0,0.36571229628151325,0.7314245925630265,0.2727272727272727,450
google_gemma-3-27b-it,Uncertainty_Avoidance,0.0,0.5,,,1.0,,444
google_gemma-3-27b-it,Uncertainty_Avoidance,0.0,1.0,8.0,0.13166801602281422,0.26333603204562844,0.5555555555555556,444
google_gemma-3-27b-it,Uncertainty_Avoidance,0.5,1.0,8.0,0.13166801602281422,0.26333603204562844,0.5555555555555556,444
mistralai_Mistral-7B-Instruct-v0.3,Individualism,0.0,0.5,798.0,0.02483332367557457,0.04966664735114914,0.2993854258121159,396
mistralai_Mistral-7B-Instruct-v0.3,Individualism,0.0,1.0,1371.0,0.0024503619562672766,0.007351085868801829,0.3449593884376493,396
mistralai_Mistral-7B-Instruct-v0.3,Individualism,0.5,1.0,2446.5,0.3335157163308057,0.3335157163308057,0.10384615384615381,396
mistralai_Mistral-7B-Instruct-v0.3,Indulgence,0.0,0.5,85.0,0.6646116295410063,0.6646116295410063,0.10526315789473684,417
mistralai_Mistral-7B-Instruct-v0.3,Indulgence,0.0,1.0,472.5,0.051923951917547354,0.15577185575264207,0.2873303167420814,417
mistralai_Mistral-7B-Instruct-v0.3,Indulgence,0.5,1.0,517.0,0.08588967911669568,0.17177935823339135,0.2496371552975326,417
mistralai_Mistral-7B-Instruct-v0.3,Long_Term_Orientation,0.0,0.5,392.5,0.42936198241002965,0.9139711588613152,0.13067552602436328,423
mistralai_Mistral-7B-Instruct-v0.3,Long_Term_Orientation,0.0,1.0,814.0,0.9139711588613152,0.9139711588613152,0.015124016938898976,423
mistralai_Mistral-7B-Instruct-v0.3,Long_Term_Orientation,0.5,1.0,1049.0,0.5436464971551379,0.9139711588613152,0.07901668129938544,423
mistralai_Mistral-7B-Instruct-v0.3,Masculinity,0.0,0.5,529.0,0.8917125192775213,0.8917125192775213,0.021276595744680882,435
mistralai_Mistral-7B-Instruct-v0.3,Masculinity,0.0,1.0,911.0,0.24809895216500866,0.6390076003986478,0.1505827505827506,435
mistralai_Mistral-7B-Instruct-v0.3,Masculinity,0.5,1.0,1023.0,0.3195038001993239,0.6390076003986478,0.12787723785166238,435
mistralai_Mistral-7B-Instruct-v0.3,Power_Distance,0.0,0.5,397.5,0.050900770202268686,0.15270231060680606,0.29521276595744683,450
mistralai_Mistral-7B-Instruct-v0.3,Power_Distance,0.0,1.0,940.0,0.24934414134543093,0.49868828269086185,0.14970601537765715,450
mistralai_Mistral-7B-Instruct-v0.3,Power_Distance,0.5,1.0,1175.0,0.8303404986636828,0.8303404986636828,0.026915113871635588,450
mistralai_Mistral-7B-Instruct-v0.3,Uncertainty_Avoidance,0.0,0.5,572.0,0.8566741328262943,0.8566741328262943,0.027210884353741527,444
mistralai_Mistral-7B-Instruct-v0.3,Uncertainty_Avoidance,0.0,1.0,952.5,0.006706275607805576,0.02011882682341673,0.3315789473684211,444
mistralai_Mistral-7B-Instruct-v0.3,Uncertainty_Avoidance,0.5,1.0,1621.0,0.018066925140468256,0.03613385028093651,0.2582932967284375,444
