model_id,dimension,temperature,n,mean,sd,se,ci95_halfwidth
Qwen_Qwen3-32B,Individualism,0.0,396,54.54545454545455,21.306573646467864,1.0706956114152784,2.0985633983739453
Qwen_Qwen3-32B,Individualism,0.5,396,52.58838383838384,20.850395774749384,1.0477718108372014,2.0536327492409145
Qwen_Qwen3-32B,Individualism,1.0,396,53.156565656565654,21.848401322003483,1.097923476578643,2.15193001409414
Qwen_Qwen3-32B,Indulgence,0.0,417,41.36690647482014,17.689282888489867,0.8662479099590614,1.6978459035197604
Qwen_Qwen3-32B,Indulgence,0.5,417,39.86810551558753,17.006626664004813,0.8328180908189365,1.6323234580051156
Qwen_Qwen3-32B,Indulgence,1.0,417,39.4484412470024,17.918964323314484,0.8774954582134162,1.7198910980982958
Qwen_Qwen3-32B,Long_Term_Orientation,0.0,423,36.702127659574465,20.11957548600911,0.9782472357359888,1.917364582042538
Qwen_Qwen3-32B,Long_Term_Orientation,0.5,423,37.29314420803782,20.570975856129614,1.0001950727859135,1.9603823426603904
Qwen_Qwen3-32B,Long_Term_Orientation,1.0,423,36.406619385342786,20.25243894186884,0.9847072780224422,1.9300262649239865
Qwen_Qwen3-32B,Masculinity,0.0,435,57.58620689655172,19.12338769092369,0.9168962597875229,1.7971166691835447
Qwen_Qwen3-32B,Masculinity,0.5,435,57.35632183908046,20.5881139994139,0.9871245109516444,1.934764041465223
Qwen_Qwen3-32B,Masculinity,1.0,435,59.48275862068966,20.309166887235516,0.9737500206171583,1.9085500404096303
Qwen_Qwen3-32B,Power_Distance,0.0,450,36.5,19.5217028447805,0.920261897456867,1.8037133190154593
Qwen_Qwen3-32B,Power_Distance,0.5,450,35.833333333333336,18.821781676526843,0.8872672971656557,1.739043902444685
Qwen_Qwen3-32B,Power_Distance,1.0,450,37.333333333333336,19.40369399772214,0.9146989070572022,1.7928098578321163
Qwen_Qwen3-32B,Uncertainty_Avoidance,0.0,444,38.513513513513516,18.715459919477258,0.888196421337863,1.7408649858222116
Qwen_Qwen3-32B,Uncertainty_Avoidance,0.5,444,39.752252252252255,18.530844748837694,0.8794349730703753,1.7236925472179356
Qwen_Qwen3-32B,Uncertainty_Avoidance,1.0,444,38.513513513513516,19.955872250762575,0.9470637854513358,1.8562450194846183
deepseek-ai_DeepSeek-R1-Distill-Qwen-32B,Individualism,0.0,393,52.48091603053435,24.908306687045,1.2564578649730551,2.462657415347188
deepseek-ai_DeepSeek-R1-Distill-Qwen-32B,Individualism,0.5,396,55.05050505050505,23.52746791687796,1.1822997476880115,2.3173075054685026
deepseek-ai_DeepSeek-R1-Distill-Qwen-32B,Individualism,1.0,396,54.92424242424242,24.411956360535232,1.2267469643397777,2.4044240501059644
deepseek-ai_DeepSeek-R1-Distill-Qwen-32B,Indulgence,0.0,417,38.30935251798561,19.983953510180783,0.9786184137615426,1.9180920909726233
deepseek-ai_DeepSeek-R1-Distill-Qwen-32B,Indulgence,0.5,417,39.02877697841727,19.251726613142022,0.9427611083425447,1.8478117723513876
deepseek-ai_DeepSeek-R1-Distill-Qwen-32B,Indulgence,1.0,417,41.007194244604314,21.018362988915506,1.0292736638722662,2.0173763811896417
deepseek-ai_DeepSeek-R1-Distill-Qwen-32B,Long_Term_Orientation,0.0,423,32.09219858156028,21.768569686532885,1.0584240774158147,2.0745111917349965
deepseek-ai_DeepSeek-R1-Distill-Qwen-32B,Long_Term_Orientation,0.5,423,33.56973995271868,22.016780151194993,1.070492483188357,2.09816526704918
deepseek-ai_DeepSeek-R1-Distill-Qwen-32B,Long_Term_Orientation,1.0,423,35.342789598108745,21.790433110383336,1.0594871134605017,2.0765947423825835
deepseek-ai_DeepSeek-R1-Distill-Qwen-32B,Masculinity,0.0,432,54.6875,24.318212003245687,1.1700105205236904,2.293220620226433
deepseek-ai_DeepSeek-R1-Distill-Qwen-32B,Masculinity,0.5,435,57.41379310344828,23.538649325670978,1.128591851819292,2.212040029565812
deepseek-ai_DeepSeek-R1-Distill-Qwen-32B,Masculinity,1.0,435,57.87356321839081,23.694388978647567,1.1360589966381263,2.2266756334107276
deepseek-ai_DeepSeek-R1-Distill-Qwen-32B,Power_Distance,0.0,447,35.90604026845637,25.987581274018396,1.2291704160019061,2.4091740153637358
deepseek-ai_DeepSeek-R1-Distill-Qwen-32B,Power_Distance,0.5,450,37.44444444444444,24.479486030708273,1.1539740381516788,2.26178911477729
deepseek-ai_DeepSeek-R1-Distill-Qwen-32B,Power_Distance,1.0,450,38.111111111111114,23.18678125664074,1.0930353506973203,2.1423492873667476
deepseek-ai_DeepSeek-R1-Distill-Qwen-32B,Uncertainty_Avoidance,0.0,444,40.54054054054054,21.0621069278429,0.9995633598978096,1.959144185399707
deepseek-ai_DeepSeek-R1-Distill-Qwen-32B,Uncertainty_Avoidance,0.5,444,39.189189189189186,20.261167703826732,0.9615524664684723,1.8846428342782056
deepseek-ai_DeepSeek-R1-Distill-Qwen-32B,Uncertainty_Avoidance,1.0,444,39.13288288288288,21.678502521621095,1.0288162002168688,2.016479752425063
google_gemma-3-27b-it,Individualism,0.0,396,45.07575757575758,20.307617032808363,1.020496152788724,2.0001724594658987
google_gemma-3-27b-it,Individualism,0.5,396,45.01262626262626,20.331115821657153,1.0216770113590152,2.00248694226367
google_gemma-3-27b-it,Individualism,1.0,396,44.94949494949495,20.431979767331228,1.02674561533895,2.012421406064342
google_gemma-3-27b-it,Indulgence,0.0,417,42.44604316546763,16.349917370058712,0.8006588983339965,1.5692914407346332
google_gemma-3-27b-it,Indulgence,0.5,417,42.44604316546763,16.441551195068403,0.805146226050817,1.5780866030596012
google_gemma-3-27b-it,Indulgence,1.0,417,42.44604316546763,16.623303555090082,0.8140466774140179,1.595531487731475
google_gemma-3-27b-it,Long_Term_Orientation,0.0,423,31.382978723404257,17.484994070529897,0.85014950381286,1.6662930274732057
google_gemma-3-27b-it,Long_Term_Orientation,0.5,423,31.6193853427896,17.22555421763589,0.8375351065006602,1.641568808741294
google_gemma-3-27b-it,Long_Term_Orientation,1.0,423,31.73758865248227,17.1795558221816,0.8352985879800414,1.637185232440881
google_gemma-3-27b-it,Masculinity,0.0,435,53.275862068965516,16.95119699644445,0.8127476876044385,1.5929854677046995
google_gemma-3-27b-it,Masculinity,0.5,435,53.160919540229884,17.057691187425828,0.817853693244133,1.6029932387585006
google_gemma-3-27b-it,Masculinity,1.0,435,52.98850574712644,17.04662503786068,0.8173231119836093,1.6019532994878742
google_gemma-3-27b-it,Power_Distance,0.0,450,31.666666666666668,15.47323286879722,0.7294151925603394,1.4296537774182652
google_gemma-3-27b-it,Power_Distance,0.5,450,31.666666666666668,15.740801393442306,0.7420284937742474,1.4543758477975248
google_gemma-3-27b-it,Power_Distance,1.0,450,31.5,15.499299502814662,0.7306439854721021,1.43206221152532
google_gemma-3-27b-it,Uncertainty_Avoidance,0.0,444,39.86486486486486,18.819079932548686,0.8931140095341993,1.7505034586870305
google_gemma-3-27b-it,Uncertainty_Avoidance,0.5,444,39.86486486486486,18.819079932548686,0.8931140095341993,1.7505034586870305
google_gemma-3-27b-it,Uncertainty_Avoidance,1.0,444,39.583333333333336,19.075584282692624,0.9052871672784202,1.7743628478657034
mistralai_Mistral-7B-Instruct-v0.3,Individualism,0.0,396,39.77272727272727,28.731826196637513,1.4438285914537983,2.8299040392494446
mistralai_Mistral-7B-Instruct-v0.3,Individualism,0.5,396,41.224747474747474,29.87869981220259,1.501461159102096,2.942863871840108
mistralai_Mistral-7B-Instruct-v0.3,Individualism,1.0,396,41.98232323232323,30.87003693570373,1.551277723941543,3.040504338925424
mistralai_Mistral-7B-Instruct-v0.3,Indulgence,0.0,417,26.07913669064748,17.981988082710753,0.880581744989366,1.7259402201791574
mistralai_Mistral-7B-Instruct-v0.3,Indulgence,0.5,417,26.19904076738609,18.30566324310509,0.8964321857881674,1.757007084144808
mistralai_Mistral-7B-Instruct-v0.3,Indulgence,1.0,417,27.158273381294965,20.469698169867275,1.0024054320866886,1.9647146468899097
mistralai_Mistral-7B-Instruct-v0.3,Long_Term_Orientation,0.0,423,25.70921985815603,22.296325863699348,1.0840844608475972,2.1248055432612905
mistralai_Mistral-7B-Instruct-v0.3,Long_Term_Orientation,0.5,423,26.182033096926713,22.60619926360513,1.0991510211284907,2.1543360014118416
mistralai_Mistral-7B-Instruct-v0.3,Long_Term_Orientation,1.0,423,25.8274231678487,23.139818264536242,1.1250964648064679,2.2051890710206767
mistralai_Mistral-7B-Instruct-v0.3,Masculinity,0.0,435,45.689655172413794,26.348125942165787,1.2632959452183505,2.476060052627967
mistralai_Mistral-7B-Instruct-v0.3,Masculinity,0.5,435,45.747126436781606,27.08504203600711,1.298628367545438,2.5453116003890583
mistralai_Mistral-7B-Instruct-v0.3,Masculinity,1.0,435,46.37931034482759,26.722779500339048,1.2812592084098504,2.511268048483307
mistralai_Mistral-7B-Instruct-v0.3,Power_Distance,0.0,450,28.666666666666668,24.417489806760475,1.1510515081275823,2.256060955930061
mistralai_Mistral-7B-Instruct-v0.3,Power_Distance,0.5,450,27.833333333333332,24.09902085637672,1.1360387378333345,2.2266359261533357
mistralai_Mistral-7B-Instruct-v0.3,Power_Distance,1.0,450,27.944444444444443,24.37291986949066,1.1489504611355459,2.25194290382567
mistralai_Mistral-7B-Instruct-v0.3,Uncertainty_Avoidance,0.0,444,36.82432432432432,24.419781480050204,1.1589115423159224,2.271466622939208
mistralai_Mistral-7B-Instruct-v0.3,Uncertainty_Avoidance,0.5,444,36.880630630630634,24.478980407044144,1.1617209990607356,2.2769731581590418
mistralai_Mistral-7B-Instruct-v0.3,Uncertainty_Avoidance,1.0,444,38.4009009009009,25.431474768347417,1.2069243810077441,2.3655717867751784
