model_id,size,country_ref,dimension,mean,sd,N,CI95_low,CI95_high,alpha,ICC_2k
Qwen_Qwen3-0.6B,XS,China,Individualism,41.28787878787879,26.858427799175022,396,38.63441095574361,43.94134662001397,,1.0
Qwen_Qwen3-0.6B,XS,China,Indulgence,25.543478260869566,25.651450142437128,414,23.06528930818753,28.021667213551602,,1.0
Qwen_Qwen3-0.6B,XS,China,Long_Term_Orientation,25.178571428571427,25.295938486660262,420,22.752349411597336,27.604793445545518,,1.0
Qwen_Qwen3-0.6B,XS,China,Masculinity,43.40277777777778,28.443696844430775,432,40.71301777996546,46.092537775590095,,1.0
Qwen_Qwen3-0.6B,XS,China,Power_Distance,31.5,27.633559049570536,450,28.939935510391102,34.0600644896089,,1.0
Qwen_Qwen3-0.6B,XS,China,Uncertainty_Avoidance,27.226027397260275,29.13531216317975,438,24.48990707043602,29.96214772408453,,1.0
Qwen_Qwen3-1.7B,S,China,Individualism,67.04545454545455,28.956238558183536,396,64.18473432280129,69.9061747681078,,1.0
Qwen_Qwen3-1.7B,S,China,Indulgence,40.64748201438849,19.521018003293065,417,38.76839065640387,42.52657337237311,,1.0
Qwen_Qwen3-1.7B,S,China,Long_Term_Orientation,43.97163120567376,28.88642819022086,423,41.210931902130916,46.7323305092166,,1.0
Qwen_Qwen3-1.7B,S,China,Masculinity,76.3986013986014,26.43811497200563,429,73.88972205744048,78.90748073976232,,1.0
Qwen_Qwen3-1.7B,S,China,Power_Distance,48.166666666666664,26.815483510501995,450,45.68239140614802,50.65094192718531,,1.0
Qwen_Qwen3-1.7B,S,China,Uncertainty_Avoidance,51.55172413793103,30.295304886608623,435,48.69681948557932,54.406628790282745,,1.0
Qwen_Qwen3-14B,L,China,Individualism,54.35606060606061,29.47261313832523,396,51.44432535944604,57.26779585267518,,1.0
Qwen_Qwen3-14B,L,China,Indulgence,42.26618705035971,20.76849576729335,417,40.267013600077675,44.26536050064175,,1.0
Qwen_Qwen3-14B,L,China,Long_Term_Orientation,31.964285714285715,24.862604035797325,420,29.579626321523076,34.34894510704835,,1.0
Qwen_Qwen3-14B,L,China,Masculinity,56.724137931034484,24.285024901180936,435,54.435617289556966,59.012658572512,,1.0
Qwen_Qwen3-14B,L,China,Power_Distance,33.666666666666664,21.234191027606432,450,31.699460838498396,35.63387249483493,,1.0
Qwen_Qwen3-14B,L,China,Uncertainty_Avoidance,40.87837837837838,22.751351629653694,444,38.75634625129863,43.00041050545813,,1.0
Qwen_Qwen3-32B,XL,China,Individualism,54.54545454545455,21.306573646467864,396,52.440479965160684,56.65042912574841,,1.0
Qwen_Qwen3-32B,XL,China,Indulgence,41.36690647482014,17.689282888489867,417,39.66413776679993,43.06967518284035,,1.0
Qwen_Qwen3-32B,XL,China,Long_Term_Orientation,36.702127659574465,20.11957548600911,423,34.77928355901492,38.62497176013401,,1.0
Qwen_Qwen3-32B,XL,China,Masculinity,57.58620689655172,19.12338769092369,435,55.78409766900352,59.38831612409992,,1.0
Qwen_Qwen3-32B,XL,China,Power_Distance,36.5,19.5217028447805,450,34.69144475237632,38.30855524762368,,1.0
Qwen_Qwen3-32B,XL,China,Uncertainty_Avoidance,38.513513513513516,18.715459919477258,444,36.7679114117711,40.25911561525593,,1.0
Qwen_Qwen3-4B,S,China,Individualism,58.587786259541986,26.019577665146016,393,56.007338830439714,61.16823368864426,,1.0
Qwen_Qwen3-4B,S,China,Indulgence,41.605839416058394,18.710903693770774,411,39.79155296537222,43.42012586674457,,1.0
Qwen_Qwen3-4B,S,China,Long_Term_Orientation,31.52173913043478,19.365936017651524,414,29.65079427426489,33.39268398660467,,1.0
Qwen_Qwen3-4B,S,China,Masculinity,59.642857142857146,24.41176349770432,420,57.30143944441799,61.984274841296305,,1.0
Qwen_Qwen3-4B,S,China,Power_Distance,40.2027027027027,21.505511748579703,444,38.1968708038938,42.2085346015116,,1.0
Qwen_Qwen3-4B,S,China,Uncertainty_Avoidance,40.476190476190474,20.71176652840777,441,38.537795854792336,42.41458509758861,,1.0
Qwen_Qwen3-8B,M,China,Individualism,55.871212121212125,24.42889095853007,396,53.45776942762347,58.28465481480078,,1.0
Qwen_Qwen3-8B,M,China,Indulgence,40.28776978417266,19.344142153095888,417,38.42570447890136,42.14983508944396,,1.0
Qwen_Qwen3-8B,M,China,Long_Term_Orientation,32.142857142857146,23.228214499996014,420,29.914957772189133,34.37075651352516,,1.0
Qwen_Qwen3-8B,M,China,Masculinity,60.689655172413794,22.5297091850687,435,58.56654824844238,62.81276209638521,,1.0
Qwen_Qwen3-8B,M,China,Power_Distance,38.5,20.76555418317847,450,36.57621024218989,40.42378975781011,,1.0
Qwen_Qwen3-8B,M,China,Uncertainty_Avoidance,40.136054421768705,20.13261920901534,441,38.25186164970909,42.02024719382832,,1.0
deepseek-ai_DeepSeek-R1-Distill-Llama-8B,M,China,Individualism,57.421875,27.698849371903787,384,54.642681597756976,60.201068402243024,,1.0
deepseek-ai_DeepSeek-R1-Distill-Llama-8B,M,China,Indulgence,41.24087591240876,22.95101641219529,411,39.015450631641336,43.466301193176186,,1.0
deepseek-ai_DeepSeek-R1-Distill-Llama-8B,M,China,Long_Term_Orientation,28.284671532846716,25.98384551754515,411,25.76517062413863,30.8041724415548,,1.0
deepseek-ai_DeepSeek-R1-Distill-Llama-8B,M,China,Masculinity,66.84782608695652,27.8077720528983,414,64.16131467658658,69.53433749732645,,1.0
deepseek-ai_DeepSeek-R1-Distill-Llama-8B,M,China,Power_Distance,47.44897959183673,26.068315060486054,441,45.00927066440886,49.888688519264605,,1.0
deepseek-ai_DeepSeek-R1-Distill-Llama-8B,M,China,Uncertainty_Avoidance,43.793103448275865,23.057800508928647,435,41.62023137478715,45.96597552176458,,1.0
deepseek-ai_DeepSeek-R1-Distill-Qwen-1.5B,S,China,Individualism,51.16279069767442,32.22036913212639,387,47.94256001640391,54.383021378944925,,1.0
deepseek-ai_DeepSeek-R1-Distill-Qwen-1.5B,S,China,Indulgence,38.13868613138686,25.853767706293855,411,35.631798104148885,40.64557415862484,,1.0
deepseek-ai_DeepSeek-R1-Distill-Qwen-1.5B,S,China,Long_Term_Orientation,38.503649635036496,26.540569246268422,411,35.93016649573554,41.07713277433745,,1.0
deepseek-ai_DeepSeek-R1-Distill-Qwen-1.5B,S,China,Masculinity,53.191489361702125,32.08554506750532,423,50.12504787096629,56.25793085243796,,1.0
deepseek-ai_DeepSeek-R1-Distill-Qwen-1.5B,S,China,Power_Distance,42.398648648648646,29.19037068681012,444,39.67604537623283,45.12125192106446,,1.0
deepseek-ai_DeepSeek-R1-Distill-Qwen-1.5B,S,China,Uncertainty_Avoidance,42.1875,27.74418324940084,432,39.56388905785116,44.81111094214884,,1.0
deepseek-ai_DeepSeek-R1-Distill-Qwen-14B,L,China,Individualism,54.734848484848484,23.69356901963858,396,52.39405163358913,57.07564533610784,,1.0
deepseek-ai_DeepSeek-R1-Distill-Qwen-14B,L,China,Indulgence,38.84892086330935,22.301338892110085,417,36.70219607792259,40.99564564869611,,1.0
deepseek-ai_DeepSeek-R1-Distill-Qwen-14B,L,China,Long_Term_Orientation,27.127659574468087,22.7980577446082,423,24.948830758277634,29.30648839065854,,1.0
deepseek-ai_DeepSeek-R1-Distill-Qwen-14B,L,China,Masculinity,58.44827586206897,25.15287755555308,435,56.077972363815576,60.81857936032236,,1.0
deepseek-ai_DeepSeek-R1-Distill-Qwen-14B,L,China,Power_Distance,33.333333333333336,23.418816792388476,450,31.163736534336063,35.502930132330604,,1.0
deepseek-ai_DeepSeek-R1-Distill-Qwen-14B,L,China,Uncertainty_Avoidance,37.33108108108108,21.6743979939405,444,35.30949706150542,39.35266510065674,,1.0
deepseek-ai_DeepSeek-R1-Distill-Qwen-32B,XL,China,Individualism,52.48091603053435,24.908306687045,393,50.01067701355085,54.95115504751786,,1.0
deepseek-ai_DeepSeek-R1-Distill-Qwen-32B,XL,China,Indulgence,38.30935251798561,19.983953510180783,417,36.38569903162478,40.233006004346436,,1.0
deepseek-ai_DeepSeek-R1-Distill-Qwen-32B,XL,China,Long_Term_Orientation,32.09219858156028,21.768569686532885,423,30.0117587716609,34.172638391459664,,1.0
deepseek-ai_DeepSeek-R1-Distill-Qwen-32B,XL,China,Masculinity,54.6875,24.318212003245687,432,52.38786383728873,56.98713616271127,,1.0
deepseek-ai_DeepSeek-R1-Distill-Qwen-32B,XL,China,Power_Distance,35.90604026845637,25.987581274018396,447,33.49035509577007,38.321725441142675,,1.0
deepseek-ai_DeepSeek-R1-Distill-Qwen-32B,XL,China,Uncertainty_Avoidance,40.54054054054054,21.0621069278429,444,38.57606527364617,42.50501580743491,,1.0
deepseek-ai_DeepSeek-R1-Distill-Qwen-7B,M,China,Individualism,61.627906976744185,30.06574913413112,387,58.62301751008146,64.6327964434069,,1.0
deepseek-ai_DeepSeek-R1-Distill-Qwen-7B,M,China,Indulgence,39.23357664233577,20.688371698079393,411,37.2275467320284,41.23960655264314,,1.0
deepseek-ai_DeepSeek-R1-Distill-Qwen-7B,M,China,Long_Term_Orientation,36.69064748201439,30.218876770682286,417,33.78178124469971,39.599513719329074,,1.0
deepseek-ai_DeepSeek-R1-Distill-Qwen-7B,M,China,Masculinity,64.8936170212766,28.898425348054108,423,62.13177113965713,67.65546290289606,,1.0
deepseek-ai_DeepSeek-R1-Distill-Qwen-7B,M,China,Power_Distance,39.76510067114094,24.946145382413597,447,37.44622255468377,42.08397878759811,,1.0
deepseek-ai_DeepSeek-R1-Distill-Qwen-7B,M,China,Uncertainty_Avoidance,45.0,23.257227210300044,435,42.8083347762301,47.1916652237699,,1.0
google_gemma-3-12b-it,L,USA,Individualism,48.29545454545455,14.838747756557455,396,46.829466285248095,49.761442805661,,1.0
google_gemma-3-12b-it,L,USA,Indulgence,39.92805755395683,13.99242941999718,417,38.58114761330256,41.274967494611104,,1.0
google_gemma-3-12b-it,L,USA,Long_Term_Orientation,36.170212765957444,14.427933731327277,423,34.79132347091051,37.549102061004376,,1.0
google_gemma-3-12b-it,L,USA,Masculinity,46.89655172413793,15.240797240446184,435,45.46032181623124,48.332781632044615,,1.0
google_gemma-3-12b-it,L,USA,Power_Distance,38.666666666666664,15.178962114340914,450,37.26043731241174,40.07289602092159,,1.0
google_gemma-3-12b-it,L,USA,Uncertainty_Avoidance,41.0472972972973,15.120882870180475,444,39.63696353943338,42.457631055161215,,1.0
google_gemma-3-1b-it,XS,USA,Individualism,46.21212121212121,10.441904600770853,396,45.18051734567223,47.24372507857019,,1.0
google_gemma-3-1b-it,XS,USA,Indulgence,37.76978417266187,12.86728664397846,417,36.53118036986162,39.00838797546212,,1.0
google_gemma-3-1b-it,XS,USA,Long_Term_Orientation,35.638297872340424,12.37522172470887,423,34.45558792386164,36.821007820819204,,1.0
google_gemma-3-1b-it,XS,USA,Masculinity,44.13793103448276,13.150294291351425,435,42.898701507244425,45.3771605617211,,1.0
google_gemma-3-1b-it,XS,USA,Power_Distance,42.666666666666664,12.77699770598004,450,41.48296325545506,43.85037007787827,,1.0
google_gemma-3-1b-it,XS,USA,Uncertainty_Avoidance,44.25675675675676,12.02937804645325,444,43.13476949644425,45.378744017069266,,1.0
google_gemma-3-27b-it,XL,USA,Individualism,45.07575757575758,20.307617032808363,396,43.06947452200666,47.0820406295085,,1.0
google_gemma-3-27b-it,XL,USA,Indulgence,42.44604316546763,16.349917370058712,417,40.87220165634873,44.01988467458653,,1.0
google_gemma-3-27b-it,XL,USA,Long_Term_Orientation,31.382978723404257,17.484994070529897,423,29.711923699394603,33.05403374741391,,1.0
google_gemma-3-27b-it,XL,USA,Masculinity,53.275862068965516,16.95119699644445,435,51.67845113848595,54.873272999445085,,1.0
google_gemma-3-27b-it,XL,USA,Power_Distance,31.666666666666668,15.47323286879722,450,30.233175094488143,33.1001582388452,,1.0
google_gemma-3-27b-it,XL,USA,Uncertainty_Avoidance,39.86486486486486,18.819079932548686,444,38.109598062742215,41.62013166698751,,1.0
google_gemma-3-4b-it,S,USA,Individualism,43.56060606060606,18.645903982589946,396,41.71849129540736,45.402720825804764,,1.0
google_gemma-3-4b-it,S,USA,Indulgence,32.37410071942446,15.14748331214642,417,30.916005399689137,33.83219603915978,,1.0
google_gemma-3-4b-it,S,USA,Long_Term_Orientation,29.43262411347518,11.653959092471135,423,28.318845818068144,30.546402408882212,,1.0
google_gemma-3-4b-it,S,USA,Masculinity,41.03448275862069,17.30949519390412,435,39.40330728295218,42.665658234289204,,1.0
google_gemma-3-4b-it,S,USA,Power_Distance,31.833333333333332,16.5755676586694,450,30.297717813018053,33.36894885364861,,1.0
google_gemma-3-4b-it,S,USA,Uncertainty_Avoidance,34.96621621621622,18.34116693703777,444,33.25552464403733,36.676907788395106,,1.0
ibm-granite_granite-3.3-2b-instruct,S,USA,Individualism,61.17424242424242,21.194038884430515,396,59.08038567159267,63.26809917689217,,1.0
ibm-granite_granite-3.3-2b-instruct,S,USA,Indulgence,37.05035971223022,17.077449596648364,417,35.4064860193692,38.69423340509124,,1.0
ibm-granite_granite-3.3-2b-instruct,S,USA,Long_Term_Orientation,40.248226950354606,19.946548013491775,423,38.34191922527655,42.154534675432664,,1.0
ibm-granite_granite-3.3-2b-instruct,S,USA,Masculinity,57.241379310344826,16.34448110553676,435,55.70114278448311,58.78161583620654,,1.0
ibm-granite_granite-3.3-2b-instruct,S,USA,Power_Distance,39.5,21.289838851136228,450,37.52763877303974,41.47236122696026,,1.0
ibm-granite_granite-3.3-2b-instruct,S,USA,Uncertainty_Avoidance,44.25675675675676,19.319970003209065,444,42.45477163919604,46.05874187431748,,1.0
ibm-granite_granite-3.3-8b-instruct,M,USA,Individualism,49.053030303030305,22.51693519422329,396,46.828478528708686,51.27758207735192,,1.0
ibm-granite_granite-3.3-8b-instruct,M,USA,Indulgence,37.76978417266187,17.855314555784197,417,36.0510332719552,39.488535073368546,,1.0
ibm-granite_granite-3.3-8b-instruct,M,USA,Long_Term_Orientation,25.177304964539008,20.326814529780687,423,23.234654860965193,27.119955068112823,,1.0
ibm-granite_granite-3.3-8b-instruct,M,USA,Masculinity,52.06896551724138,16.234736258091047,435,50.539070893424125,53.59886014105864,,1.0
ibm-granite_granite-3.3-8b-instruct,M,USA,Power_Distance,35.5,18.56563028992984,450,33.780018482338946,37.219981517661054,,1.0
ibm-granite_granite-3.3-8b-instruct,M,USA,Uncertainty_Avoidance,42.398648648648646,19.443176406626783,444,40.58517199640594,44.21212530089135,,1.0
meta-llama_Llama-3.1-8B-Instruct,M,USA,Individualism,47.916666666666664,18.752636945375535,396,46.06400726030365,49.76932607302968,,1.0
meta-llama_Llama-3.1-8B-Instruct,M,USA,Indulgence,38.669064748201436,15.9503685554878,417,37.13368377041479,40.20444572598808,,1.0
meta-llama_Llama-3.1-8B-Instruct,M,USA,Long_Term_Orientation,34.751773049645394,16.803078606026773,423,33.14588923806574,36.357656861225045,,1.0
meta-llama_Llama-3.1-8B-Instruct,M,USA,Masculinity,51.37931034482759,20.31845621886048,435,49.46458278539411,53.29403790426107,,1.0
meta-llama_Llama-3.1-8B-Instruct,M,USA,Power_Distance,38.833333333333336,19.71469667617049,450,37.006898497576664,40.65976816909001,,1.0
meta-llama_Llama-3.1-8B-Instruct,M,USA,Uncertainty_Avoidance,42.229729729729726,17.662024377705475,444,40.5823821888519,43.87707727060755,,1.0
microsoft_phi-4,,USA,Individualism,53.40909090909091,23.215976999304186,396,51.11547757401937,55.70270424416244,,1.0
microsoft_phi-4,,USA,Indulgence,34.89208633093525,18.898141944489335,417,33.07295296381955,36.71121969805095,,1.0
microsoft_phi-4,,USA,Long_Term_Orientation,26.595744680851062,18.184668320982276,423,24.857821222876122,28.333668138826003,,1.0
microsoft_phi-4,,USA,Masculinity,58.10344827586207,24.92201407023555,435,55.7549004008235,60.45199615090064,,1.0
microsoft_phi-4,,USA,Power_Distance,26.333333333333332,17.99839141537939,450,24.665902704873965,28.0007639617927,,1.0
microsoft_phi-4,,USA,Uncertainty_Avoidance,35.979729729729726,19.99428911509448,444,34.114850466686256,37.844608992773196,,1.0
mistralai_Mistral-7B-Instruct-v0.3,M,Europe-France,Individualism,39.77272727272727,28.731826196637513,396,36.934177781248174,42.61127676420637,,1.0
mistralai_Mistral-7B-Instruct-v0.3,M,Europe-France,Indulgence,26.07913669064748,17.981988082710753,417,24.348192208146408,27.810081173148554,,1.0
mistralai_Mistral-7B-Instruct-v0.3,M,Europe-France,Long_Term_Orientation,25.70921985815603,22.296325863699348,423,23.57834196359109,27.84009775272097,,1.0
mistralai_Mistral-7B-Instruct-v0.3,M,Europe-France,Masculinity,45.689655172413794,26.348125942165787,435,43.2067163931349,48.17259395169269,,1.0
mistralai_Mistral-7B-Instruct-v0.3,M,Europe-France,Power_Distance,28.666666666666668,24.417489806760475,450,26.404549489956263,30.928783843377072,,1.0
mistralai_Mistral-7B-Instruct-v0.3,M,Europe-France,Uncertainty_Avoidance,36.82432432432432,24.419781480050204,444,34.546676750656964,39.10197189799168,,1.0
