family,dimension,size_b,n,mean,sd,se,ci95_halfwidth
deepseek-qwen,Individualism,1.5,387,51.16279069767442,32.22036913212639,1.637853409412687,3.2101926824488665
deepseek-qwen,Individualism,7.0,387,61.627906976744185,30.06574913413112,1.528327919644581,2.9955227225033787
deepseek-qwen,Individualism,8.0,384,57.421875,27.698849371903787,1.4135009879869709,2.770461936454463
deepseek-qwen,Individualism,14.0,396,54.734848484848484,23.69356901963858,1.1906466421595456,2.3336674186327095
deepseek-qwen,Individualism,32.0,393,52.48091603053435,24.908306687045,1.2564578649730551,2.462657415347188
deepseek-qwen,Indulgence,1.5,411,38.13868613138686,25.853767706293855,1.2752723144251112,2.499533736273218
deepseek-qwen,Indulgence,7.0,411,39.23357664233577,20.688371698079393,1.0204821191564242,2.000144953546591
deepseek-qwen,Indulgence,8.0,411,41.24087591240876,22.95101641219529,1.132090152232001,2.218896698374722
deepseek-qwen,Indulgence,14.0,417,38.84892086330935,22.301338892110085,1.0921012641586123,2.14051847775088
deepseek-qwen,Indulgence,32.0,417,38.30935251798561,19.983953510180783,0.9786184137615426,1.9180920909726233
deepseek-qwen,Long_Term_Orientation,1.5,411,38.503649635036496,26.540569246268422,1.3091497360599036,2.565933482677411
deepseek-qwen,Long_Term_Orientation,7.0,417,36.8705035971223,29.923420175276846,1.465356190472075,2.872098133325267
deepseek-qwen,Long_Term_Orientation,8.0,411,28.284671532846716,25.98384551754515,1.2816885796787596,2.5121096161703687
deepseek-qwen,Long_Term_Orientation,14.0,423,27.127659574468087,22.7980577446082,1.1084794996952614,2.1726198194027124
deepseek-qwen,Long_Term_Orientation,32.0,423,32.09219858156028,21.768569686532885,1.0584240774158147,2.0745111917349965
deepseek-qwen,Masculinity,1.5,423,53.191489361702125,32.08554506750532,1.560052586158992,3.0577030688716245
deepseek-qwen,Masculinity,7.0,423,64.8936170212766,28.898425348054108,1.4050895225654843,2.753975464228349
deepseek-qwen,Masculinity,8.0,414,66.84782608695652,27.8077720528983,1.3666774359296017,2.6786877744220194
deepseek-qwen,Masculinity,14.0,435,58.44827586206897,25.15287755555308,1.20598817146431,2.3637368160700474
deepseek-qwen,Masculinity,32.0,432,54.6875,24.318212003245687,1.1700105205236904,2.293220620226433
deepseek-qwen,Power_Distance,1.5,444,42.398648648648646,29.19037068681012,1.3853136868182596,2.715214826163789
deepseek-qwen,Power_Distance,7.0,447,39.76510067114094,24.946145382413597,1.1799121885960724,2.3126278896483017
deepseek-qwen,Power_Distance,8.0,441,47.44897959183673,26.068315060486054,1.2413483362136215,2.433042738978698
deepseek-qwen,Power_Distance,14.0,450,33.333333333333336,23.418816792388476,1.1039736107508855,2.1637882770717356
deepseek-qwen,Power_Distance,32.0,447,35.90604026845637,25.987581274018396,1.2291704160019061,2.4091740153637358
deepseek-qwen,Uncertainty_Avoidance,1.5,432,42.1875,27.74418324940084,1.3348426389573234,2.616291572356354
deepseek-qwen,Uncertainty_Avoidance,7.0,435,45.0,23.257227210300044,1.115098694164617,2.1855934405626494
deepseek-qwen,Uncertainty_Avoidance,8.0,435,43.793103448275865,23.057800508928647,1.10553691570023,2.1668523547724505
deepseek-qwen,Uncertainty_Avoidance,14.0,444,37.33108108108108,21.6743979939405,1.0286214079535274,2.0160979595889135
deepseek-qwen,Uncertainty_Avoidance,32.0,444,40.54054054054054,21.0621069278429,0.9995633598978096,1.959144185399707
gemma,Individualism,1.0,396,46.21212121212121,10.441904600770853,0.5247254493551926,1.0284618807361774
gemma,Individualism,4.0,396,43.56060606060606,18.645903982589946,0.936991930109762,1.8365041830151334
gemma,Individualism,12.0,396,48.29545454545455,14.838747756557455,0.745675131321652,1.4615232573904378
gemma,Individualism,27.0,396,45.07575757575758,20.307617032808363,1.020496152788724,2.0001724594658987
gemma,Indulgence,1.0,417,37.76978417266187,12.86728664397846,0.6301137379312973,1.2350229263453427
gemma,Indulgence,4.0,417,32.37410071942446,15.14748331214642,0.7417754491802792,1.453879880393347
gemma,Indulgence,12.0,417,39.92805755395683,13.99242941999718,0.6852122167263842,1.3430159447837131
gemma,Indulgence,27.0,417,42.44604316546763,16.349917370058712,0.8006588983339965,1.5692914407346332
gemma,Long_Term_Orientation,1.0,423,35.638297872340424,12.37522172470887,0.6017038705530731,1.1793395862840232
gemma,Long_Term_Orientation,4.0,423,29.43262411347518,11.653959092471135,0.566634881313371,1.1106043673742072
gemma,Long_Term_Orientation,12.0,423,36.170212765957444,14.427933731327277,0.7015101436840797,1.3749598816207962
gemma,Long_Term_Orientation,27.0,423,31.382978723404257,17.484994070529897,0.85014950381286,1.6662930274732057
gemma,Masculinity,1.0,435,44.13793103448276,13.150294291351425,0.6305083516435754,1.2357963692214078
gemma,Masculinity,4.0,435,41.03448275862069,17.30949519390412,0.8299267712714659,1.626656471692073
gemma,Masculinity,12.0,435,46.89655172413793,15.240797240446184,0.730740296217366,1.4322509805860373
gemma,Masculinity,27.0,435,53.275862068965516,16.95119699644445,0.8127476876044385,1.5929854677046995
gemma,Power_Distance,1.0,450,42.666666666666664,12.77699770598004,0.6023134480735631,1.1805343582241836
gemma,Power_Distance,4.0,450,31.833333333333332,16.5755676586694,0.7813797528974371,1.5315043156789767
gemma,Power_Distance,12.0,450,38.666666666666664,15.178962114340914,0.7155431361616104,1.4024645468767563
gemma,Power_Distance,27.0,450,31.666666666666668,15.47323286879722,0.7294151925603394,1.4296537774182652
gemma,Uncertainty_Avoidance,1.0,444,44.25675675675676,12.02937804645325,0.570889017836034,1.1189424749586265
gemma,Uncertainty_Avoidance,4.0,444,34.96621621621622,18.34116693703777,0.8704332624860386,1.7060491944726357
gemma,Uncertainty_Avoidance,12.0,444,41.0472972972973,15.120882870180475,0.7176053439534398,1.4065064741487419
gemma,Uncertainty_Avoidance,27.0,444,39.86486486486486,18.819079932548686,0.8931140095341993,1.7505034586870305
granite,Individualism,2.0,396,61.17424242424242,21.194038884430515,1.0650405268463417,2.0874794326188297
granite,Individualism,8.0,396,49.053030303030305,22.51693519422329,1.1315185676967718,2.2177763926856726
granite,Indulgence,2.0,417,37.05035971223022,17.077449596648364,0.8362863047519935,1.6391211573139073
granite,Indulgence,8.0,417,37.76978417266187,17.855314555784197,0.8743785156872516,1.713781890747013
granite,Long_Term_Orientation,2.0,423,40.248226950354606,19.946548013491775,0.969834352133441,1.9008753301815444
granite,Long_Term_Orientation,8.0,423,25.177304964539008,20.326814529780687,0.9883235428552465,1.9371141439962831
granite,Masculinity,2.0,435,57.241379310344826,16.34448110553676,0.7836578871926138,1.535969458897523
granite,Masculinity,8.0,435,52.06896551724138,16.234736258091047,0.7783960245048805,1.525656208029566
granite,Power_Distance,2.0,450,39.5,21.289838851136228,1.0036126281338162,1.9670807511422799
granite,Power_Distance,8.0,450,35.5,18.56563028992984,0.8751922050007838,1.715376721801536
granite,Uncertainty_Avoidance,2.0,444,44.25675675675676,19.319970003209065,0.9168852003122159,1.797094992611943
granite,Uncertainty_Avoidance,8.0,444,42.398648648648646,19.443176406626783,0.9227323174588077,1.808555342219263
llama,Individualism,8.0,396,47.916666666666664,18.752636945375535,0.9423554632964706,1.8470167080610822
llama,Indulgence,8.0,417,38.669064748201436,15.9503685554878,0.7810929087045424,1.530942101060903
llama,Long_Term_Orientation,8.0,423,34.751773049645394,16.803078606026773,0.8169936393355164,1.601307533097612
llama,Masculinity,8.0,435,51.37931034482759,20.31845621886048,0.974195409978108,1.9094230035570918
llama,Power_Distance,8.0,450,38.833333333333336,19.71469667617049,0.9293597139170695,1.8215450392774561
llama,Uncertainty_Avoidance,8.0,444,42.229729729729726,17.662024377705475,0.8382025829637354,1.6428770626089213
mistral,Individualism,7.0,396,39.77272727272727,28.731826196637513,1.4438285914537983,2.8299040392494446
mistral,Indulgence,7.0,417,26.07913669064748,17.981988082710753,0.880581744989366,1.7259402201791574
mistral,Long_Term_Orientation,7.0,423,25.70921985815603,22.296325863699348,1.0840844608475972,2.1248055432612905
mistral,Masculinity,7.0,435,45.689655172413794,26.348125942165787,1.2632959452183505,2.476060052627967
mistral,Power_Distance,7.0,450,28.666666666666668,24.417489806760475,1.1510515081275823,2.256060955930061
mistral,Uncertainty_Avoidance,7.0,444,36.82432432432432,24.419781480050204,1.1589115423159224,2.271466622939208
qwen3,Individualism,0.6,396,41.28787878787879,26.858427799175022,1.3496867798290075,2.645386088464855
qwen3,Individualism,1.7,396,67.04545454545455,28.956238558183536,1.455105736932067,2.852007244386851
qwen3,Individualism,4.0,393,58.587786259541986,26.019577665146016,1.312514070563198,2.572527578303868
qwen3,Individualism,8.0,396,55.871212121212125,24.42889095853007,1.2275979599083289,2.4060920014203244
qwen3,Individualism,14.0,396,54.35606060606061,29.47261313832523,1.481054535926117,2.902866890415189
qwen3,Individualism,32.0,396,54.54545454545455,21.306573646467864,1.0706956114152784,2.0985633983739453
qwen3,Indulgence,0.6,414,25.543478260869566,25.651450142437128,1.260699995736915,2.4709719916443533
qwen3,Indulgence,1.7,417,40.64748201438849,19.521018003293065,0.9559483644545546,1.8736587943309269
qwen3,Indulgence,4.0,411,41.605839416058394,18.710903693770774,0.9229408158073441,1.8089639989823945
qwen3,Indulgence,8.0,417,40.28776978417266,19.344142153095888,0.9472867168048789,1.8566819649375625
qwen3,Indulgence,14.0,417,42.26618705035971,20.76849576729335,1.017037613385544,1.9933937222356664
qwen3,Indulgence,32.0,417,41.36690647482014,17.689282888489867,0.8662479099590614,1.6978459035197604
qwen3,Long_Term_Orientation,0.6,420,25.178571428571427,25.295938486660262,1.2343154107216678,2.419258205014469
qwen3,Long_Term_Orientation,1.7,423,43.97163120567376,28.88642819022086,1.404506200790369,2.7528321535491234
qwen3,Long_Term_Orientation,4.0,414,31.52173913043478,19.365936017651524,0.9517838297377065,1.8654963062859047
qwen3,Long_Term_Orientation,8.0,420,32.142857142857146,23.228214499996014,1.1334208112505144,2.221504790051008
qwen3,Long_Term_Orientation,14.0,420,31.964285714285715,24.862604035797325,1.2131708546112554,2.3778148750380605
qwen3,Long_Term_Orientation,32.0,423,36.702127659574465,20.11957548600911,0.9782472357359888,1.917364582042538
qwen3,Masculinity,0.6,432,43.40277777777778,28.443696844430775,1.368498002490018,2.6822560848804353
qwen3,Masculinity,1.7,429,76.3986013986014,26.43811497200563,1.2764442190942695,2.501830669424768
qwen3,Masculinity,4.0,420,59.642857142857146,24.41176349770432,1.1911720889105994,2.334697294264775
qwen3,Masculinity,8.0,435,60.689655172413794,22.5297091850687,1.0802168747378622,2.11722507448621
qwen3,Masculinity,14.0,435,56.724137931034484,24.285024901180936,1.1643778215774976,2.282180530291895
qwen3,Masculinity,32.0,435,57.58620689655172,19.12338769092369,0.9168962597875229,1.7971166691835447
qwen3,Power_Distance,0.6,450,31.5,27.633559049570536,1.3026584661513474,2.5532105936566407
qwen3,Power_Distance,1.7,450,48.166666666666664,26.815483510501995,1.2640940154048004,2.4776242701934086
qwen3,Power_Distance,4.0,444,40.2027027027027,21.505511748579703,1.0206064214456867,2.0003885860335457
qwen3,Power_Distance,8.0,450,38.5,20.76555418317847,0.978897611868145,1.918639319261564
qwen3,Power_Distance,14.0,450,33.666666666666664,21.234191027606432,1.0009893645754033,1.9619391545677904
qwen3,Power_Distance,32.0,450,36.5,19.5217028447805,0.920261897456867,1.8037133190154593
qwen3,Uncertainty_Avoidance,0.6,438,27.226027397260275,29.13531216317975,1.3921390646940877,2.728592566800412
qwen3,Uncertainty_Avoidance,1.7,435,51.55172413793103,30.295304886608623,1.4525486900439661,2.8469954324861737
qwen3,Uncertainty_Avoidance,4.0,441,40.476190476190474,20.71176652840777,0.9862745965908463,1.9330982093180586
qwen3,Uncertainty_Avoidance,8.0,441,40.136054421768705,20.13261920901534,0.9586961528102542,1.8790444595080982
qwen3,Uncertainty_Avoidance,14.0,444,40.87837837837838,22.751351629653694,1.0797313656731227,2.1162734767193205
qwen3,Uncertainty_Avoidance,32.0,444,38.513513513513516,18.715459919477258,0.888196421337863,1.7408649858222116
