family,dimension,size_a,size_b,wilcoxon_T,p_raw,p_holm,rank_biserial_r,n_pairs
deepseek-qwen,Individualism,1.5,7.0,8215.5,2.1537079145634582e-07,1.938337123107112e-06,0.38681146439767133,378
deepseek-qwen,Individualism,1.5,8.0,10887.0,0.00023603651082172437,0.0016522555757520706,0.26553329285569727,375
deepseek-qwen,Individualism,1.5,14.0,11787.0,0.05244281658217034,0.10488563316434069,0.142607746863066,387
deepseek-qwen,Individualism,1.5,32.0,13884.0,0.22939414213110676,0.22939414213110676,0.08600770218228493,384
deepseek-qwen,Individualism,7.0,8.0,7449.0,0.002438165874069172,0.01219082937034586,0.2437947312319172,375
deepseek-qwen,Individualism,7.0,14.0,6226.5,1.6038791462037528e-05,0.00012831033169630022,0.34835164835164834,387
deepseek-qwen,Individualism,7.0,32.0,4759.5,9.33472865477975e-09,9.33472865477975e-08,0.46984126984126984,384
deepseek-qwen,Individualism,8.0,14.0,5715.0,0.024233166445673696,0.09693266578269479,0.19484361792054095,384
deepseek-qwen,Individualism,8.0,32.0,5221.5,0.0007440021785300606,0.004464013071180364,0.2898816809465524,384
deepseek-qwen,Individualism,14.0,32.0,3496.5,0.03371069291501694,0.10113207874505081,0.20334928229665072,393
deepseek-qwen,Indulgence,1.5,7.0,13623.0,0.635362891221961,0.8675588714530318,0.03393256036591852,405
deepseek-qwen,Indulgence,1.5,8.0,15832.5,0.04648900186010747,0.3719120148808598,0.1344813448134481,405
deepseek-qwen,Indulgence,1.5,14.0,16149.0,0.4164043298379285,0.8675588714530318,0.0553654470474686,411
deepseek-qwen,Indulgence,1.5,32.0,17689.5,0.8675588714530318,0.8675588714530318,0.0111521046453128,411
deepseek-qwen,Indulgence,7.0,8.0,5832.0,0.0821034602901104,0.5747242220307728,0.14830230010952905,405
deepseek-qwen,Indulgence,7.0,14.0,9091.5,0.8160678115280311,0.8675588714530318,0.01862046632124348,411
deepseek-qwen,Indulgence,7.0,32.0,10159.5,0.45517092274343507,0.8675588714530318,0.0561594202898551,411
deepseek-qwen,Indulgence,8.0,14.0,8031.0,0.017988571152630847,0.16189714037367764,0.18471143596771733,411
deepseek-qwen,Indulgence,8.0,32.0,5274.0,0.0005449750894853595,0.0054497508948535955,0.2827417380660955,411
deepseek-qwen,Indulgence,14.0,32.0,3964.5,0.571495287990887,0.8675588714530318,0.05438282647584969,417
deepseek-qwen,Long_Term_Orientation,1.5,7.0,14596.5,0.23256231399555072,0.46512462799110144,0.08422736683606247,405
deepseek-qwen,Long_Term_Orientation,1.5,8.0,9808.5,7.820932098516891e-10,7.038838888665201e-09,0.426252522593665,399
deepseek-qwen,Long_Term_Orientation,1.5,14.0,8047.5,2.2200637314516992e-10,2.2200637314516992e-09,0.45709370572758556,411
deepseek-qwen,Long_Term_Orientation,1.5,32.0,10308.0,0.00018305819691205287,0.0009152909845602644,0.2690139346877992,411
deepseek-qwen,Long_Term_Orientation,7.0,8.0,8542.5,2.688660626199929e-07,1.8820624383399504e-06,0.37861429350791054,405
deepseek-qwen,Long_Term_Orientation,7.0,14.0,7185.0,3.1540151037522125e-08,2.52321208300177e-07,0.41946430735668405,417
deepseek-qwen,Long_Term_Orientation,7.0,32.0,9189.0,0.004559330793937741,0.013677992381813223,0.2158218125960062,417
deepseek-qwen,Long_Term_Orientation,8.0,14.0,9927.0,0.7808743053868371,0.7808743053868371,0.02201861977242503,411
deepseek-qwen,Long_Term_Orientation,8.0,32.0,8533.5,0.002763039360870874,0.011052157443483496,0.2296547054840894,411
deepseek-qwen,Long_Term_Orientation,14.0,32.0,4494.0,7.346400048608574e-05,0.0004407840029165144,0.3437020810514786,423
deepseek-qwen,Masculinity,1.5,7.0,13131.0,1.1372957573260005e-07,6.823774543956003e-07,0.35561280824438724,411
deepseek-qwen,Masculinity,1.5,8.0,10491.0,5.602298482716611e-10,4.481838786173289e-09,0.4264862648626486,402
deepseek-qwen,Masculinity,1.5,14.0,15835.5,0.004942248042216423,0.01741489336335749,0.18917050691244242,423
deepseek-qwen,Masculinity,1.5,32.0,18780.0,0.3808335662760097,0.4027766706785313,0.05871738966994966,420
deepseek-qwen,Masculinity,7.0,8.0,11280.0,0.4027766706785313,0.4027766706785313,0.06351183063511834,402
deepseek-qwen,Masculinity,7.0,14.0,9684.0,1.5119784136803365e-05,7.559892068401682e-05,0.313264546324859,423
deepseek-qwen,Masculinity,7.0,32.0,6538.5,1.0713224151621078e-10,9.64190173645897e-10,0.4856637168141593,420
deepseek-qwen,Masculinity,8.0,14.0,7326.0,1.137161192904344e-08,7.960128350330409e-08,0.4237168141592921,414
deepseek-qwen,Masculinity,8.0,32.0,5229.0,1.8787276522647003e-14,1.8787276522647004e-13,0.5775057568779542,411
deepseek-qwen,Masculinity,14.0,32.0,7954.5,0.005804964454452497,0.01741489336335749,0.21634402246194773,432
deepseek-qwen,Power_Distance,1.5,7.0,15846.0,0.09178278166139418,0.09178278166139418,0.114204259600872,441
deepseek-qwen,Power_Distance,1.5,8.0,13018.5,0.0012865295014372607,0.005146118005749043,0.22070575558947647,435
deepseek-qwen,Power_Distance,1.5,14.0,7711.5,1.7144500918830262e-09,1.371560073506421e-08,0.43906164757228583,444
deepseek-qwen,Power_Distance,1.5,32.0,11829.0,7.291729270265344e-05,0.0003645864635132672,0.27518382352941173,441
deepseek-qwen,Power_Distance,7.0,8.0,9735.0,1.8463349723678193e-08,1.2924344806574736e-07,0.3892339544513458,441
deepseek-qwen,Power_Distance,7.0,14.0,5808.0,4.530639301822855e-08,2.7183835810937133e-07,0.4278114378602039,447
deepseek-qwen,Power_Distance,7.0,32.0,12042.0,0.003320641864990708,0.009961925594972124,0.2072677002073664,444
deepseek-qwen,Power_Distance,8.0,14.0,5289.0,1.9172706236344144e-22,1.9172706236344145e-21,0.6759191176470588,441
deepseek-qwen,Power_Distance,8.0,32.0,8001.0,3.2232891265960696e-13,2.900960213936463e-12,0.5097426470588236,438
deepseek-qwen,Power_Distance,14.0,32.0,8370.0,0.022941199806173124,0.04588239961234625,0.17541007832126498,447
deepseek-qwen,Uncertainty_Avoidance,1.5,7.0,16389.0,0.12586562630995227,0.3884550291186393,0.10405904059040594,423
deepseek-qwen,Uncertainty_Avoidance,1.5,8.0,13360.5,0.2835336091002689,0.4392734728565475,0.0760373443983402,423
deepseek-qwen,Uncertainty_Avoidance,1.5,14.0,15283.5,0.002474094964486276,0.016165169749846452,0.20036101083032487,432
deepseek-qwen,Uncertainty_Avoidance,1.5,32.0,16819.5,0.1294850097062131,0.3884550291186393,0.10058554584102031,432
deepseek-qwen,Uncertainty_Avoidance,7.0,8.0,15084.0,0.4392734728565475,0.4392734728565475,0.053642010163749254,426
deepseek-qwen,Uncertainty_Avoidance,7.0,14.0,10164.0,4.278806210316776e-08,4.2788062103167757e-07,0.37720588235294117,435
deepseek-qwen,Uncertainty_Avoidance,7.0,32.0,10891.5,0.00046781268380286206,0.0037425014704228965,0.24678423236514524,435
deepseek-qwen,Uncertainty_Avoidance,8.0,14.0,6294.0,3.0374309745106755e-07,2.733687877059608e-06,0.39799139167862263,435
deepseek-qwen,Uncertainty_Avoidance,8.0,32.0,8029.5,0.018829590817148904,0.09414795408574453,0.18486371250190348,435
deepseek-qwen,Uncertainty_Avoidance,14.0,32.0,6847.5,0.002694194958307742,0.016165169749846452,0.23725981620718462,444
gemma,Individualism,1.0,4.0,3397.5,0.004505443723874596,0.01621878968812243,0.2598039215686274,396
gemma,Individualism,1.0,12.0,1990.5,0.005406263229374144,0.01621878968812243,0.2846361185983828,396
gemma,Individualism,1.0,27.0,4092.0,0.24865903863263983,0.24865903863263983,0.10849673202614374,396
gemma,Individualism,4.0,12.0,1696.5,3.513815930752304e-09,2.1082895584513823e-08,0.55507474429583,396
gemma,Individualism,4.0,27.0,2986.5,0.17912553462896263,0.24865903863263983,0.13472403302911773,396
gemma,Individualism,12.0,27.0,1515.0,5.504239352948129e-05,0.00027521196764740646,0.42318675042832665,396
gemma,Indulgence,1.0,4.0,2494.5,1.6123042067590765e-12,6.449216827036306e-12,0.5765215176979883,417
gemma,Indulgence,1.0,12.0,3048.0,0.0021662567678448885,0.0021662567678448885,0.2729874776386404,417
gemma,Indulgence,1.0,27.0,3564.0,8.249804629539797e-08,2.474941388861939e-07,0.439622641509434,417
gemma,Indulgence,4.0,12.0,810.0,3.9667293529613236e-22,1.9833646764806617e-21,0.838178004195385,417
gemma,Indulgence,4.0,27.0,1312.5,6.175712856466815e-29,3.705427713880089e-28,0.8440841054882395,417
gemma,Indulgence,12.0,27.0,1365.0,8.097542589199752e-05,0.00016195085178399504,0.41365979381443296,417
gemma,Long_Term_Orientation,1.0,4.0,1998.0,1.0079561245057828e-15,5.0397806225289144e-15,0.6608097784568373,423
gemma,Long_Term_Orientation,1.0,12.0,5349.0,0.50928315777871,0.50928315777871,0.05536423841059601,423
gemma,Long_Term_Orientation,1.0,27.0,7086.0,1.2962312475375023e-05,3.888693742612507e-05,0.3222381635581062,423
gemma,Long_Term_Orientation,4.0,12.0,1197.0,1.6375113949807757e-18,9.825068369884655e-18,0.7608630506442913,423
gemma,Long_Term_Orientation,4.0,27.0,3117.0,0.017315056014862253,0.034630112029724505,0.2208473940757405,423
gemma,Long_Term_Orientation,12.0,27.0,2556.0,4.617623854545313e-09,1.8470495418181253e-08,0.5103448275862069,423
gemma,Masculinity,1.0,4.0,4734.0,0.00010999428518423566,0.0001702868633462369,0.30865279299014237,435
gemma,Masculinity,1.0,12.0,3060.0,0.0001702868633462369,0.0001702868633462369,0.33333333333333337,435
gemma,Masculinity,1.0,27.0,2715.0,1.1321117928208224e-22,5.660558964104112e-22,0.7243794731231917,435
gemma,Masculinity,4.0,12.0,1684.5,4.916581928333457e-13,1.474974578500037e-12,0.648733187363153,435
gemma,Masculinity,4.0,27.0,1542.0,8.839937515626003e-30,5.303962509375602e-29,0.8525107604017217,435
gemma,Masculinity,12.0,27.0,1089.0,9.86472343244343e-17,3.945889372977372e-16,0.7518796992481203,435
gemma,Power_Distance,1.0,4.0,5458.5,4.193356734764007e-26,2.0966783673820037e-25,0.6807054488023164,450
gemma,Power_Distance,1.0,12.0,4474.5,8.308131068202782e-07,1.6616262136405564e-06,0.3914728682170543,450
gemma,Power_Distance,1.0,27.0,3331.5,4.113152614706456e-27,2.4678915688238736e-26,0.7513434841021048,450
gemma,Power_Distance,4.0,12.0,2703.0,2.5253016306939453e-16,7.575904892081836e-16,0.6449261083743842,450
gemma,Power_Distance,4.0,27.0,5838.0,0.9158055321308165,0.9158055321308165,0.0089126559714795,450
gemma,Power_Distance,12.0,27.0,544.5,3.754998539478556e-22,1.5019994157914225e-21,0.8759398496240601,450
gemma,Uncertainty_Avoidance,1.0,4.0,4311.0,2.6451559526039813e-21,1.5870935715623888e-20,0.6608849557522124,444
gemma,Uncertainty_Avoidance,1.0,12.0,4323.0,1.336049504514478e-05,2.672099009028956e-05,0.3451488298114065,444
gemma,Uncertainty_Avoidance,1.0,27.0,7587.0,2.9232635651029745e-06,8.769790695308924e-06,0.33421087271291294,444
gemma,Uncertainty_Avoidance,4.0,12.0,2191.5,9.00818445405331e-15,4.504092227026655e-14,0.6420872121509065,444
gemma,Uncertainty_Avoidance,4.0,27.0,3804.0,1.1021812257082532e-08,4.408724902833013e-08,0.4640743871513102,444
gemma,Uncertainty_Avoidance,12.0,27.0,4299.0,0.10031687660819483,0.10031687660819483,0.1411447407851364,444
granite,Individualism,2.0,8.0,1929.0,6.385228257519267e-18,6.385228257519267e-18,0.7376580987352102,396
granite,Indulgence,2.0,8.0,3637.5,0.31898835108347323,0.31898835108347323,0.09073865766779154,417
granite,Long_Term_Orientation,2.0,8.0,2241.0,9.373744424013e-31,9.373744424013e-31,0.8327362292879534,423
granite,Masculinity,2.0,8.0,2919.0,2.181527797596055e-09,2.181527797596055e-09,0.5044563279857397,435
granite,Power_Distance,2.0,8.0,6690.0,0.00013163666917987606,0.00013163666917987606,0.2998430141287284,450
granite,Uncertainty_Avoidance,2.0,8.0,5106.0,0.016183718679905913,0.016183718679905913,0.19716981132075473,444
qwen3,Individualism,0.6,1.7,2416.5,7.230265490605292e-32,1.0845398235907938e-30,0.844722891566265,396
qwen3,Individualism,0.6,4.0,3480.0,3.475856649282602e-19,4.866199308995643e-18,0.6946162959062787,393
qwen3,Individualism,0.6,8.0,4045.5,1.4054615249022116e-17,1.827099982372875e-16,0.6547619047619048,396
qwen3,Individualism,0.6,14.0,7758.0,1.1082406608047207e-11,8.865925286437766e-11,0.4892860669497383,396
qwen3,Individualism,0.6,32.0,5634.0,4.7027661139657485e-15,4.2324895025691734e-14,0.5794894760412002,396
qwen3,Individualism,1.7,4.0,2748.0,2.1695255833510958e-08,1.5186679083457672e-07,0.5147019867549669,393
qwen3,Individualism,1.7,8.0,1782.0,3.984658945792517e-15,3.984658945792517e-14,0.7089661930426261,396
qwen3,Individualism,1.7,14.0,898.5,3.650793224527374e-17,4.380951869432849e-16,0.8126368470441039,396
qwen3,Individualism,1.7,32.0,3720.0,4.861587606778037e-17,5.347746367455841e-16,0.6544035674470456,396
qwen3,Individualism,4.0,8.0,3504.0,0.012931869559440805,0.05172747823776322,0.23660130718954253,393
qwen3,Individualism,4.0,14.0,4105.5,0.002744909863659761,0.013724549318298807,0.27496688741721853,393
qwen3,Individualism,4.0,32.0,4335.0,0.00027582247643031664,0.0016549348585818999,0.31839622641509435,393
qwen3,Individualism,8.0,14.0,4471.5,0.2608652069675419,0.7403343486962712,0.10668264908600544,396
qwen3,Individualism,8.0,32.0,6087.0,0.3701671743481356,0.7403343486962712,0.0779368325380595,396
qwen3,Individualism,14.0,32.0,7273.5,0.8989239892330415,0.8989239892330415,0.010811913504692017,396
qwen3,Indulgence,0.6,1.7,2703.0,1.537660882023648e-25,1.9989591466307422e-24,0.7816022300327233,414
qwen3,Indulgence,0.6,4.0,2661.0,4.789047258872615e-27,6.704666162421661e-26,0.7961388186623765,408
qwen3,Indulgence,0.6,8.0,5013.0,4.04687988238979e-24,4.451567870628769e-23,0.6999191882912813,414
qwen3,Indulgence,0.6,14.0,3394.5,1.8943479414595475e-25,2.273217529751457e-24,0.7592809275608978,414
qwen3,Indulgence,0.6,32.0,2689.5,2.1341852646219e-28,3.2012778969328496e-27,0.8043644298963448,414
qwen3,Indulgence,1.7,4.0,4078.5,0.45066518344830864,0.942173114085638,0.070745044429255,411
qwen3,Indulgence,1.7,8.0,7644.0,0.7129689976202458,0.942173114085638,0.02951818701199771,417
qwen3,Indulgence,1.7,14.0,6562.5,0.20166746677969205,0.942173114085638,0.10750713994288041,417
qwen3,Indulgence,1.7,32.0,7338.0,0.3985499925478383,0.942173114085638,0.0683679299181108,417
qwen3,Indulgence,4.0,8.0,3294.0,0.339328687599857,0.942173114085638,0.09256198347107436,411
qwen3,Indulgence,4.0,14.0,2848.5,0.426301695188919,0.942173114085638,0.08349420849420852,411
qwen3,Indulgence,4.0,32.0,3604.5,0.942173114085638,0.942173114085638,0.007024793388429762,411
qwen3,Indulgence,8.0,14.0,3915.0,0.042257664268904836,0.4225766426890484,0.1836096340319049,417
qwen3,Indulgence,8.0,32.0,4800.0,0.35183574548853,0.942173114085638,0.08045977011494254,417
qwen3,Indulgence,14.0,32.0,2247.0,0.39210558289453656,0.942173114085638,0.09212121212121216,417
qwen3,Long_Term_Orientation,0.6,1.7,2701.5,9.199059358479635e-25,1.3798589037719453e-23,0.7817234274633378,420
qwen3,Long_Term_Orientation,0.6,4.0,6741.0,5.171223146706644e-06,3.61985620269465e-05,0.3552367288378766,411
qwen3,Long_Term_Orientation,0.6,8.0,6696.0,1.1095213123505166e-06,9.98569181115465e-06,0.37792642140468224,417
qwen3,Long_Term_Orientation,0.6,14.0,9574.5,3.457225879169764e-05,0.0001728612939584882,0.30354609929078014,417
qwen3,Long_Term_Orientation,0.6,32.0,6910.5,3.808286921319904e-15,5.3316016898478654e-14,0.5559518072289157,420
qwen3,Long_Term_Orientation,1.7,4.0,3097.5,2.201067251475854e-13,2.8613874269186102e-12,0.6197053406998159,414
qwen3,Long_Term_Orientation,1.7,8.0,3876.0,2.4633921235268126e-13,2.956070548232175e-12,0.5943485086342228,420
qwen3,Long_Term_Orientation,1.7,14.0,5670.0,1.0767557080219133e-10,1.1844312788241046e-09,0.5024351717783335,420
qwen3,Long_Term_Orientation,1.7,32.0,4954.5,8.555120357541961e-07,8.55512035754196e-06,0.41143977191732006,423
qwen3,Long_Term_Orientation,4.0,8.0,5173.5,0.9225184337715643,0.9225184337715643,0.008908045977011447,414
qwen3,Long_Term_Orientation,4.0,14.0,6775.5,0.9039471802185363,0.9225184337715643,0.010514786418400868,411
qwen3,Long_Term_Orientation,4.0,32.0,4080.0,8.461110384700687e-06,5.0766662308204124e-05,0.38195864576232674,414
qwen3,Long_Term_Orientation,8.0,14.0,6280.5,0.8878421369838225,0.9225184337715643,0.012499999999999956,417
qwen3,Long_Term_Orientation,8.0,32.0,3846.0,4.6279084399253945e-06,3.61985620269465e-05,0.3952830188679245,420
qwen3,Long_Term_Orientation,14.0,32.0,4525.5,6.996753809061871e-05,0.00027987015236247484,0.3391018619934283,420
qwen3,Masculinity,0.6,1.7,1884.0,2.896789393309229e-41,4.345184089963843e-40,0.9075450864924549,426
qwen3,Masculinity,0.6,4.0,3738.0,1.0366464987735783e-23,1.0235885317454539e-22,0.734921816827997,417
qwen3,Masculinity,0.6,8.0,5515.5,1.137320590828282e-23,1.0235885317454539e-22,0.6916820392419922,432
qwen3,Masculinity,0.6,14.0,5241.0,4.7903933310478794e-17,3.3532753317335157e-16,0.6187670485542827,432
qwen3,Masculinity,0.6,32.0,4984.5,7.913156782872442e-19,6.330525426297954e-18,0.6465269652164664,432
qwen3,Masculinity,1.7,4.0,3286.5,1.5698927470985927e-24,1.726882021808452e-23,0.7547021943573667,414
qwen3,Masculinity,1.7,8.0,4720.5,9.41924120689344e-26,1.1303089448272127e-24,0.7238747038694393,429
qwen3,Masculinity,1.7,14.0,2700.0,4.3921673590082684e-33,5.709817566710749e-32,0.838376582562629,429
qwen3,Masculinity,1.7,32.0,3708.0,7.670848285306328e-34,1.0739187599428859e-32,0.8101382488479263,429
qwen3,Masculinity,4.0,8.0,4543.5,0.5720155197971526,0.6547257872725409,0.052549264935877416,420
qwen3,Masculinity,4.0,14.0,4624.5,0.0015758555338475546,0.0063034221353902185,0.27287735849056605,420
qwen3,Masculinity,4.0,32.0,5533.5,0.008455865395796168,0.025367596187388507,0.2204142011834319,420
qwen3,Masculinity,8.0,14.0,6348.0,0.0006842549256945808,0.003421274628472904,0.2699672244264275,435
qwen3,Masculinity,8.0,32.0,7032.0,0.0004574981618080358,0.0027449889708482146,0.2640502354788069,435
qwen3,Masculinity,14.0,32.0,6112.5,0.6547257872725409,0.6547257872725409,0.03891509433962259,435
qwen3,Power_Distance,0.6,1.7,4605.0,1.9761404289906372e-24,2.964210643485956e-23,0.7178308823529411,450
qwen3,Power_Distance,0.6,4.0,7977.0,2.2441372709871488e-09,2.019723543888434e-08,0.4343154983512393,444
qwen3,Power_Distance,0.6,8.0,10089.0,2.4185909898187707e-06,1.6930136928731394e-05,0.3358348968105066,450
qwen3,Power_Distance,0.6,14.0,10852.5,0.10194157257398508,0.10194157257398508,0.12313658950430251,450
qwen3,Power_Distance,0.6,32.0,8179.5,6.37265256589641e-05,0.0003823591539537846,0.30197132616487454,450
qwen3,Power_Distance,1.7,4.0,5908.5,2.375275673378045e-10,2.6128032407158494e-09,0.4815058575753587,444
qwen3,Power_Distance,1.7,8.0,5928.0,6.617466755214598e-13,7.940960106257517e-12,0.5336873156342183,450
qwen3,Power_Distance,1.7,14.0,4810.5,1.4598321316153226e-21,2.0437649842614517e-20,0.6833218129752148,450
qwen3,Power_Distance,1.7,32.0,6363.0,3.390154684146934e-17,4.4072010893910147e-16,0.591132530120482,450
qwen3,Power_Distance,4.0,8.0,4783.5,0.02879825168803991,0.05759650337607982,0.187929717341482,444
qwen3,Power_Distance,4.0,14.0,4867.5,3.455265285430511e-10,3.455265285430511e-09,0.4905808477237049,444
qwen3,Power_Distance,4.0,32.0,4080.0,0.00011324965566120732,0.0005662482783060366,0.33365997060264574,444
qwen3,Power_Distance,8.0,14.0,3699.0,1.7319384245966495e-06,1.3855507396773196e-05,0.41839622641509433,450
qwen3,Power_Distance,8.0,32.0,6028.5,0.026795319760390807,0.05759650337607982,0.18013055895552832,450
qwen3,Power_Distance,14.0,32.0,5368.5,0.003984322352034729,0.015937289408138915,0.2436601859678783,450
qwen3,Uncertainty_Avoidance,0.6,1.7,1207.5,1.4196188026344332e-39,2.12942820395165e-38,0.9277184160905091,429
qwen3,Uncertainty_Avoidance,0.6,4.0,7051.5,5.337546564253018e-18,6.938810533528923e-17,0.5968267581475128,435
qwen3,Uncertainty_Avoidance,0.6,8.0,7956.0,4.2279878100442635e-19,5.919182934061969e-18,0.592626728110599,435
qwen3,Uncertainty_Avoidance,0.6,14.0,7122.0,7.715730719193681e-18,8.48730379111305e-17,0.5927958833619211,438
qwen3,Uncertainty_Avoidance,0.6,32.0,10224.0,6.443603806216726e-15,5.799243425595053e-14,0.5086505190311419,438
qwen3,Uncertainty_Avoidance,1.7,4.0,5386.5,3.8766376131086924e-13,3.101310090486954e-12,0.5528019925280199,432
qwen3,Uncertainty_Avoidance,1.7,8.0,6942.0,4.816166535036693e-15,4.816166535036693e-14,0.5539277108433736,435
qwen3,Uncertainty_Avoidance,1.7,14.0,6823.5,2.7281058841535778e-11,1.9096741189075045e-10,0.49070756829377515,435
qwen3,Uncertainty_Avoidance,1.7,32.0,5641.5,6.477292920616009e-18,7.772751504739211e-17,0.6194090265128516,435
qwen3,Uncertainty_Avoidance,4.0,8.0,7884.0,0.6941676861979522,0.9327397620879534,0.03204419889502763,438
qwen3,Uncertainty_Avoidance,4.0,14.0,9786.0,0.9327397620879534,0.9327397620879534,0.006547890970001524,441
qwen3,Uncertainty_Avoidance,4.0,32.0,6333.0,0.03697385349756317,0.18746201236003435,0.16807881773399014,441
qwen3,Uncertainty_Avoidance,8.0,14.0,8572.5,0.5652577889036633,0.9327397620879534,0.045112781954887216,441
qwen3,Uncertainty_Avoidance,8.0,32.0,7797.0,0.18568785661153986,0.7427514264461594,0.10332930826289455,441
qwen3,Uncertainty_Avoidance,14.0,32.0,6312.0,0.03749240247200687,0.18746201236003435,0.1708374384236453,444
