original_index,n_runs,std,range,agreement_pct,level_1_count,level_2_count,level_3_count,level_4_count,level_5_count,level_mode,level_mean
0,3,0.0,0,100.0,0,0,0,3,0,4,4.0
1,3,0.0,0,100.0,0,3,0,0,0,2,2.0
2,3,0.0,0,100.0,0,0,0,0,3,5,5.0
3,3,0.0,0,100.0,0,0,0,3,0,4,4.0
4,3,0.0,0,100.0,0,0,3,0,0,3,3.0
5,3,0.0,0,100.0,0,0,0,0,3,5,5.0
8,3,0.0,0,100.0,3,0,0,0,0,1,1.0
9,3,0.0,0,100.0,3,0,0,0,0,1,1.0
10,3,0.0,0,100.0,0,0,3,0,0,3,3.0
11,3,0.0,0,100.0,0,0,0,3,0,4,4.0
12,3,0.0,0,100.0,0,0,3,0,0,3,3.0
15,3,0.0,0,100.0,0,3,0,0,0,2,2.0
16,3,0.0,0,100.0,0,0,0,0,3,5,5.0
17,3,0.0,0,100.0,3,0,0,0,0,1,1.0
18,3,0.0,0,100.0,0,0,0,3,0,4,4.0
19,3,0.0,0,100.0,0,0,3,0,0,3,3.0
20,3,0.0,0,100.0,0,0,0,0,3,5,5.0
21,3,0.0,0,100.0,0,0,0,3,0,4,4.0
24,3,0.0,0,100.0,0,0,0,3,0,4,4.0
27,3,0.0,0,100.0,0,0,0,3,0,4,4.0
29,3,0.0,0,100.0,3,0,0,0,0,1,1.0
31,3,0.0,0,100.0,0,3,0,0,0,2,2.0
34,3,0.0,0,100.0,0,0,3,0,0,3,3.0
36,3,0.0,0,100.0,3,0,0,0,0,1,1.0
37,3,0.0,0,100.0,0,0,0,0,3,5,5.0
38,3,0.0,0,100.0,0,0,3,0,0,3,3.0
39,3,0.0,0,100.0,3,0,0,0,0,1,1.0
40,0,0.0,0,,0,0,0,0,0,,
42,3,0.0,0,100.0,0,0,0,3,0,4,4.0
43,3,0.0,0,100.0,0,0,3,0,0,3,3.0
44,3,0.0,0,100.0,0,0,0,0,3,5,5.0
47,3,0.0,0,100.0,3,0,0,0,0,1,1.0
48,3,0.0,0,100.0,0,0,0,3,0,4,4.0
49,3,0.0,0,100.0,0,0,0,3,0,4,4.0
50,3,0.0,0,100.0,0,0,3,0,0,3,3.0
51,3,0.0,0,100.0,0,3,0,0,0,2,2.0
53,3,0.0,0,100.0,0,0,3,0,0,3,3.0
54,3,0.0,0,100.0,0,0,0,3,0,4,4.0
55,3,0.0,0,100.0,3,0,0,0,0,1,1.0
56,3,0.0,0,100.0,0,0,0,3,0,4,4.0
57,3,0.0,0,100.0,0,0,3,0,0,3,3.0
58,3,0.0,0,100.0,0,0,3,0,0,3,3.0
59,0,0.0,0,,0,0,0,0,0,,
60,3,0.0,0,100.0,3,0,0,0,0,1,1.0
61,3,0.0,0,100.0,0,0,0,3,0,4,4.0
62,3,0.0,0,100.0,0,0,3,0,0,3,3.0
63,3,0.0,0,100.0,0,3,0,0,0,2,2.0
64,3,0.0,0,100.0,3,0,0,0,0,1,1.0
66,3,0.0,0,100.0,0,0,0,0,3,5,5.0
67,3,0.0,0,100.0,0,3,0,0,0,2,2.0
70,3,0.0,0,100.0,0,3,0,0,0,2,2.0
72,3,0.0,0,100.0,0,3,0,0,0,2,2.0
73,3,0.0,0,100.0,0,0,0,3,0,4,4.0
78,3,0.0,0,100.0,0,0,3,0,0,3,3.0
79,3,0.0,0,100.0,0,3,0,0,0,2,2.0
80,3,0.0,0,100.0,0,0,0,3,0,4,4.0
81,3,0.0,0,100.0,0,0,3,0,0,3,3.0
84,3,0.0,0,100.0,0,0,0,3,0,4,4.0
85,3,0.0,0,100.0,0,0,0,0,3,5,5.0
88,3,0.0,0,100.0,0,3,0,0,0,2,2.0
90,3,0.0,0,100.0,0,0,0,3,0,4,4.0
97,3,0.0,0,100.0,0,0,0,3,0,4,4.0
98,3,0.0,0,100.0,0,3,0,0,0,2,2.0
99,3,0.0,0,100.0,0,0,0,0,3,5,5.0
100,3,0.0,0,100.0,0,0,3,0,0,3,3.0
102,3,0.0,0,100.0,0,3,0,0,0,2,2.0
103,3,0.0,0,100.0,0,3,0,0,0,2,2.0
104,3,0.0,0,100.0,0,3,0,0,0,2,2.0
105,3,0.0,0,100.0,0,0,0,0,3,5,5.0
106,3,0.0,0,100.0,0,0,3,0,0,3,3.0
107,3,0.0,0,100.0,0,0,0,3,0,4,4.0
109,3,0.0,0,100.0,0,0,0,0,3,5,5.0
110,3,0.0,0,100.0,0,3,0,0,0,2,2.0
113,3,0.0,0,100.0,0,3,0,0,0,2,2.0
114,3,0.0,0,100.0,0,3,0,0,0,2,2.0
118,3,0.0,0,100.0,0,0,0,3,0,4,4.0
119,3,0.0,0,100.0,0,0,0,3,0,4,4.0
121,3,0.0,0,100.0,0,0,0,0,3,5,5.0
122,3,0.0,0,100.0,0,0,0,3,0,4,4.0
123,3,0.0,0,100.0,0,0,3,0,0,3,3.0
126,3,0.0,0,100.0,0,0,3,0,0,3,3.0
127,3,0.0,0,100.0,0,0,0,3,0,4,4.0
128,3,0.0,0,100.0,0,0,3,0,0,3,3.0
129,3,0.0,0,100.0,0,0,3,0,0,3,3.0
130,3,0.0,0,100.0,0,0,3,0,0,3,3.0
131,3,0.0,0,100.0,3,0,0,0,0,1,1.0
134,3,0.0,0,100.0,0,0,0,3,0,4,4.0
135,3,0.0,0,100.0,0,0,0,0,3,5,5.0
136,3,0.0,0,100.0,3,0,0,0,0,1,1.0
138,3,0.0,0,100.0,0,0,3,0,0,3,3.0
139,3,0.0,0,100.0,0,3,0,0,0,2,2.0
140,3,0.0,0,100.0,0,0,3,0,0,3,3.0
145,3,0.0,0,100.0,0,3,0,0,0,2,2.0
147,3,0.0,0,100.0,0,0,0,0,3,5,5.0
149,3,0.0,0,100.0,0,0,0,0,3,5,5.0
151,3,0.0,0,100.0,0,0,0,0,3,5,5.0
152,3,0.0,0,100.0,3,0,0,0,0,1,1.0
158,3,0.0,0,100.0,0,0,3,0,0,3,3.0
159,3,0.0,0,100.0,0,0,3,0,0,3,3.0
163,3,0.0,0,100.0,0,0,0,3,0,4,4.0
165,3,0.0,0,100.0,0,3,0,0,0,2,2.0
166,3,0.0,0,100.0,0,0,3,0,0,3,3.0
167,3,0.0,0,100.0,0,0,0,0,3,5,5.0
169,3,0.0,0,100.0,0,0,3,0,0,3,3.0
171,3,0.0,0,100.0,0,0,3,0,0,3,3.0
173,3,0.0,0,100.0,3,0,0,0,0,1,1.0
176,3,0.0,0,100.0,0,0,0,0,3,5,5.0
178,3,0.0,0,100.0,0,3,0,0,0,2,2.0
179,3,0.0,0,100.0,0,0,0,3,0,4,4.0
180,3,0.0,0,100.0,0,0,3,0,0,3,3.0
182,3,0.0,0,100.0,0,0,3,0,0,3,3.0
184,0,0.0,0,,0,0,0,0,0,,
187,3,0.0,0,100.0,0,3,0,0,0,2,2.0
189,3,0.0,0,100.0,0,0,0,3,0,4,4.0
190,3,0.0,0,100.0,3,0,0,0,0,1,1.0
192,3,0.0,0,100.0,0,3,0,0,0,2,2.0
195,3,0.0,0,100.0,0,0,0,0,3,5,5.0
197,3,0.0,0,100.0,0,0,0,3,0,4,4.0
198,3,0.0,0,100.0,0,0,3,0,0,3,3.0
202,3,0.0,0,100.0,3,0,0,0,0,1,1.0
203,3,0.0,0,100.0,3,0,0,0,0,1,1.0
204,3,0.0,0,100.0,0,3,0,0,0,2,2.0
207,3,0.0,0,100.0,0,0,3,0,0,3,3.0
208,3,0.0,0,100.0,3,0,0,0,0,1,1.0
216,3,0.0,0,100.0,0,0,0,3,0,4,4.0
217,3,0.0,0,100.0,3,0,0,0,0,1,1.0
223,3,0.0,0,100.0,0,0,0,3,0,4,4.0
226,3,0.0,0,100.0,0,0,3,0,0,3,3.0
228,3,0.0,0,100.0,0,0,0,0,3,5,5.0
232,3,0.0,0,100.0,3,0,0,0,0,1,1.0
235,3,0.0,0,100.0,0,0,3,0,0,3,3.0
242,3,0.0,0,100.0,0,0,3,0,0,3,3.0
474,3,0.0,0,100.0,0,0,3,0,0,3,3.0
476,3,0.0,0,100.0,3,0,0,0,0,1,1.0
477,3,0.0,0,100.0,0,0,0,0,3,5,5.0
478,3,0.0,0,100.0,0,3,0,0,0,2,2.0
479,3,0.0,0,100.0,0,0,3,0,0,3,3.0
481,3,0.0,0,100.0,0,0,0,3,0,4,4.0
482,3,0.0,0,100.0,0,0,3,0,0,3,3.0
483,3,0.0,0,100.0,0,0,3,0,0,3,3.0
484,3,0.0,0,100.0,0,0,3,0,0,3,3.0
485,3,0.0,0,100.0,0,3,0,0,0,2,2.0
486,0,0.0,0,,0,0,0,0,0,,
487,3,0.0,0,100.0,3,0,0,0,0,1,1.0
490,3,0.0,0,100.0,0,0,0,3,0,4,4.0
492,3,0.0,0,100.0,0,0,3,0,0,3,3.0
493,3,0.0,0,100.0,0,3,0,0,0,2,2.0
494,3,0.0,0,100.0,0,0,3,0,0,3,3.0
495,3,0.0,0,100.0,0,0,3,0,0,3,3.0
496,3,0.0,0,100.0,3,0,0,0,0,1,1.0
497,3,0.0,0,100.0,0,0,3,0,0,3,3.0
498,3,0.0,0,100.0,0,0,3,0,0,3,3.0
499,3,0.0,0,100.0,0,3,0,0,0,2,2.0
500,3,0.0,0,100.0,0,3,0,0,0,2,2.0
503,3,0.0,0,100.0,0,3,0,0,0,2,2.0
505,3,0.0,0,100.0,0,0,0,3,0,4,4.0
508,3,0.0,0,100.0,0,3,0,0,0,2,2.0
509,3,0.0,0,100.0,0,3,0,0,0,2,2.0
510,3,0.0,0,100.0,3,0,0,0,0,1,1.0
511,3,0.0,0,100.0,0,3,0,0,0,2,2.0
512,3,0.0,0,100.0,0,3,0,0,0,2,2.0
514,3,0.0,0,100.0,0,0,3,0,0,3,3.0
517,3,0.0,0,100.0,0,3,0,0,0,2,2.0
518,3,0.0,0,100.0,3,0,0,0,0,1,1.0
521,3,0.0,0,100.0,3,0,0,0,0,1,1.0
522,3,0.0,0,100.0,0,3,0,0,0,2,2.0
523,3,0.0,0,100.0,0,0,3,0,0,3,3.0
524,3,0.0,0,100.0,0,3,0,0,0,2,2.0
526,3,0.0,0,100.0,3,0,0,0,0,1,1.0
527,3,0.0,0,100.0,0,0,3,0,0,3,3.0
530,3,0.0,0,100.0,3,0,0,0,0,1,1.0
531,3,0.0,0,100.0,0,0,0,3,0,4,4.0
532,3,0.0,0,100.0,0,3,0,0,0,2,2.0
534,3,0.0,0,100.0,0,3,0,0,0,2,2.0
539,3,0.0,0,100.0,0,0,0,3,0,4,4.0
540,3,0.0,0,100.0,0,0,0,3,0,4,4.0
541,3,0.0,0,100.0,0,0,3,0,0,3,3.0
543,3,0.0,0,100.0,0,3,0,0,0,2,2.0
545,3,0.0,0,100.0,3,0,0,0,0,1,1.0
546,3,0.0,0,100.0,3,0,0,0,0,1,1.0
550,3,0.0,0,100.0,0,3,0,0,0,2,2.0
551,3,0.0,0,100.0,0,3,0,0,0,2,2.0
552,3,0.0,0,100.0,3,0,0,0,0,1,1.0
553,3,0.0,0,100.0,0,3,0,0,0,2,2.0
554,3,0.0,0,100.0,0,0,3,0,0,3,3.0
555,3,0.0,0,100.0,0,0,0,3,0,4,4.0
557,3,0.0,0,100.0,3,0,0,0,0,1,1.0
558,3,0.0,0,100.0,0,0,3,0,0,3,3.0
560,0,0.0,0,,0,0,0,0,0,,
561,3,0.0,0,100.0,3,0,0,0,0,1,1.0
563,3,0.0,0,100.0,0,0,0,3,0,4,4.0
564,3,0.0,0,100.0,3,0,0,0,0,1,1.0
565,3,0.0,0,100.0,3,0,0,0,0,1,1.0
566,3,0.0,0,100.0,0,3,0,0,0,2,2.0
567,3,0.0,0,100.0,0,0,3,0,0,3,3.0
568,3,0.0,0,100.0,3,0,0,0,0,1,1.0
569,3,0.0,0,100.0,0,3,0,0,0,2,2.0
570,3,0.0,0,100.0,0,0,0,3,0,4,4.0
571,3,0.0,0,100.0,0,3,0,0,0,2,2.0
572,3,0.0,0,100.0,0,3,0,0,0,2,2.0
573,3,0.0,0,100.0,3,0,0,0,0,1,1.0
574,3,0.0,0,100.0,0,3,0,0,0,2,2.0
575,3,0.0,0,100.0,0,0,3,0,0,3,3.0
576,3,0.0,0,100.0,0,3,0,0,0,2,2.0
578,3,0.0,0,100.0,0,3,0,0,0,2,2.0
579,3,0.0,0,100.0,0,0,3,0,0,3,3.0
581,3,0.0,0,100.0,0,0,3,0,0,3,3.0
582,3,0.0,0,100.0,0,0,0,3,0,4,4.0
584,3,0.0,0,100.0,0,3,0,0,0,2,2.0
585,3,0.0,0,100.0,0,0,0,3,0,4,4.0
589,3,0.0,0,100.0,0,3,0,0,0,2,2.0
590,3,0.0,0,100.0,0,0,0,3,0,4,4.0
591,3,0.0,0,100.0,0,0,3,0,0,3,3.0
592,3,0.0,0,100.0,0,0,0,3,0,4,4.0
594,3,0.0,0,100.0,0,3,0,0,0,2,2.0
596,3,0.0,0,100.0,0,0,3,0,0,3,3.0
597,3,0.0,0,100.0,0,3,0,0,0,2,2.0
599,3,0.0,0,100.0,0,0,0,3,0,4,4.0
601,3,0.0,0,100.0,0,3,0,0,0,2,2.0
602,3,0.0,0,100.0,0,0,0,3,0,4,4.0
605,3,0.0,0,100.0,0,3,0,0,0,2,2.0
608,3,0.0,0,100.0,0,3,0,0,0,2,2.0
609,3,0.0,0,100.0,0,0,0,3,0,4,4.0
611,3,0.0,0,100.0,0,3,0,0,0,2,2.0
612,3,0.0,0,100.0,0,3,0,0,0,2,2.0
614,3,0.0,0,100.0,0,0,3,0,0,3,3.0
618,3,0.0,0,100.0,3,0,0,0,0,1,1.0
619,3,0.0,0,100.0,0,0,3,0,0,3,3.0
620,3,0.0,0,100.0,3,0,0,0,0,1,1.0
621,3,0.0,0,100.0,0,3,0,0,0,2,2.0
622,3,0.0,0,100.0,0,0,3,0,0,3,3.0
623,3,0.0,0,100.0,0,0,0,0,3,5,5.0
624,3,0.0,0,100.0,3,0,0,0,0,1,1.0
627,3,0.0,0,100.0,0,0,3,0,0,3,3.0
630,3,0.0,0,100.0,0,0,3,0,0,3,3.0
636,3,0.0,0,100.0,0,0,3,0,0,3,3.0
637,3,0.0,0,100.0,0,0,0,3,0,4,4.0
639,3,0.0,0,100.0,0,0,3,0,0,3,3.0
641,3,0.0,0,100.0,0,0,3,0,0,3,3.0
642,3,0.0,0,100.0,3,0,0,0,0,1,1.0
643,3,0.0,0,100.0,0,3,0,0,0,2,2.0
644,3,0.0,0,100.0,0,3,0,0,0,2,2.0
646,3,0.0,0,100.0,0,3,0,0,0,2,2.0
647,3,0.0,0,100.0,0,0,3,0,0,3,3.0
649,3,0.0,0,100.0,0,0,0,3,0,4,4.0
650,3,0.0,0,100.0,0,0,0,3,0,4,4.0
653,3,0.0,0,100.0,0,0,0,3,0,4,4.0
655,3,0.0,0,100.0,0,3,0,0,0,2,2.0
656,3,0.0,0,100.0,0,3,0,0,0,2,2.0
658,3,0.0,0,100.0,0,0,3,0,0,3,3.0
661,3,0.0,0,100.0,0,0,3,0,0,3,3.0
664,3,0.0,0,100.0,0,0,0,3,0,4,4.0
665,3,0.0,0,100.0,0,3,0,0,0,2,2.0
666,3,0.0,0,100.0,0,3,0,0,0,2,2.0
667,3,0.0,0,100.0,3,0,0,0,0,1,1.0
668,3,0.0,0,100.0,0,0,0,0,3,5,5.0
670,3,0.0,0,100.0,0,3,0,0,0,2,2.0
674,3,0.0,0,100.0,3,0,0,0,0,1,1.0
675,3,0.0,0,100.0,0,3,0,0,0,2,2.0
678,3,0.0,0,100.0,0,3,0,0,0,2,2.0
679,3,0.0,0,100.0,0,0,3,0,0,3,3.0
686,3,0.0,0,100.0,0,3,0,0,0,2,2.0
687,3,0.0,0,100.0,0,0,0,3,0,4,4.0
693,3,0.0,0,100.0,0,0,0,3,0,4,4.0
694,3,0.0,0,100.0,0,3,0,0,0,2,2.0
695,3,0.0,0,100.0,0,0,0,3,0,4,4.0
696,3,0.0,0,100.0,0,0,3,0,0,3,3.0
697,3,0.0,0,100.0,0,3,0,0,0,2,2.0
703,3,0.0,0,100.0,0,0,3,0,0,3,3.0
705,3,0.0,0,100.0,0,0,3,0,0,3,3.0
706,3,0.0,0,100.0,0,0,3,0,0,3,3.0
975,0,0.0,0,,0,0,0,0,0,,
976,3,0.0,0,100.0,3,0,0,0,0,1,1.0
977,3,0.0,0,100.0,0,0,0,3,0,4,4.0
978,3,0.0,0,100.0,0,3,0,0,0,2,2.0
979,3,0.0,0,100.0,3,0,0,0,0,1,1.0
980,3,0.0,0,100.0,0,3,0,0,0,2,2.0
981,3,0.0,0,100.0,0,3,0,0,0,2,2.0
982,3,0.0,0,100.0,0,0,3,0,0,3,3.0
983,3,0.0,0,100.0,0,0,3,0,0,3,3.0
984,3,0.0,0,100.0,0,0,3,0,0,3,3.0
985,3,0.0,0,100.0,0,3,0,0,0,2,2.0
987,3,0.0,0,100.0,3,0,0,0,0,1,1.0
989,3,0.0,0,100.0,0,0,3,0,0,3,3.0
990,3,0.0,0,100.0,0,0,3,0,0,3,3.0
991,3,0.0,0,100.0,0,3,0,0,0,2,2.0
992,3,0.0,0,100.0,3,0,0,0,0,1,1.0
994,3,0.0,0,100.0,0,3,0,0,0,2,2.0
995,3,0.0,0,100.0,0,0,3,0,0,3,3.0
996,3,0.0,0,100.0,0,0,3,0,0,3,3.0
997,3,0.0,0,100.0,0,0,3,0,0,3,3.0
998,3,0.0,0,100.0,0,0,3,0,0,3,3.0
1000,3,0.0,0,100.0,0,0,0,0,3,5,5.0
1001,3,0.0,0,100.0,0,3,0,0,0,2,2.0
1002,3,0.0,0,100.0,0,3,0,0,0,2,2.0
1003,3,0.0,0,100.0,0,0,0,3,0,4,4.0
1004,3,0.0,0,100.0,0,0,0,3,0,4,4.0
1005,3,0.0,0,100.0,3,0,0,0,0,1,1.0
1006,3,0.0,0,100.0,0,3,0,0,0,2,2.0
1007,3,0.0,0,100.0,0,3,0,0,0,2,2.0
1008,3,0.0,0,100.0,0,0,3,0,0,3,3.0
1009,3,0.0,0,100.0,0,0,0,0,3,5,5.0
1010,3,0.0,0,100.0,0,3,0,0,0,2,2.0
1011,3,0.0,0,100.0,0,0,3,0,0,3,3.0
1013,3,0.0,0,100.0,0,0,0,3,0,4,4.0
1015,3,0.0,0,100.0,0,3,0,0,0,2,2.0
1016,3,0.0,0,100.0,0,3,0,0,0,2,2.0
1017,3,0.0,0,100.0,0,0,3,0,0,3,3.0
1019,3,0.0,0,100.0,0,3,0,0,0,2,2.0
1020,3,0.0,0,100.0,0,0,3,0,0,3,3.0
1021,3,0.0,0,100.0,3,0,0,0,0,1,1.0
1024,3,0.0,0,100.0,0,0,3,0,0,3,3.0
1025,3,0.0,0,100.0,0,3,0,0,0,2,2.0
1026,3,0.0,0,100.0,0,3,0,0,0,2,2.0
1027,3,0.0,0,100.0,0,0,3,0,0,3,3.0
1031,3,0.0,0,100.0,0,0,0,3,0,4,4.0
1032,3,0.0,0,100.0,0,3,0,0,0,2,2.0
1033,3,0.0,0,100.0,0,0,3,0,0,3,3.0
1035,3,0.0,0,100.0,0,0,3,0,0,3,3.0
1036,3,0.0,0,100.0,3,0,0,0,0,1,1.0
1039,3,0.0,0,100.0,0,0,3,0,0,3,3.0
1040,3,0.0,0,100.0,0,3,0,0,0,2,2.0
1041,3,0.0,0,100.0,0,0,3,0,0,3,3.0
1042,0,0.0,0,,0,0,0,0,0,,
1043,3,0.0,0,100.0,3,0,0,0,0,1,1.0
1048,3,0.0,0,100.0,0,0,3,0,0,3,3.0
1049,3,0.0,0,100.0,0,0,3,0,0,3,3.0
1050,3,0.0,0,100.0,0,0,3,0,0,3,3.0
1052,3,0.0,0,100.0,0,0,3,0,0,3,3.0
1053,3,0.0,0,100.0,0,0,3,0,0,3,3.0
1054,3,0.0,0,100.0,0,0,0,3,0,4,4.0
1055,3,0.0,0,100.0,0,0,3,0,0,3,3.0
1056,3,0.0,0,100.0,0,3,0,0,0,2,2.0
1057,3,0.0,0,100.0,3,0,0,0,0,1,1.0
1059,3,0.0,0,100.0,0,0,0,0,3,5,5.0
1060,3,0.0,0,100.0,0,3,0,0,0,2,2.0
1061,3,0.0,0,100.0,3,0,0,0,0,1,1.0
1062,3,0.0,0,100.0,0,3,0,0,0,2,2.0
1064,3,0.0,0,100.0,0,0,3,0,0,3,3.0
1065,3,0.0,0,100.0,0,0,3,0,0,3,3.0
1066,3,0.0,0,100.0,0,3,0,0,0,2,2.0
1070,3,0.0,0,100.0,0,0,0,3,0,4,4.0
1071,3,0.0,0,100.0,0,3,0,0,0,2,2.0
1075,3,0.0,0,100.0,0,0,0,3,0,4,4.0
1076,3,0.0,0,100.0,0,0,3,0,0,3,3.0
1077,3,0.0,0,100.0,3,0,0,0,0,1,1.0
1078,3,0.0,0,100.0,0,0,3,0,0,3,3.0
1079,3,0.0,0,100.0,0,0,3,0,0,3,3.0
1080,3,0.0,0,100.0,3,0,0,0,0,1,1.0
1082,3,0.0,0,100.0,0,0,3,0,0,3,3.0
1083,3,0.0,0,100.0,0,3,0,0,0,2,2.0
1084,3,0.0,0,100.0,0,3,0,0,0,2,2.0
1085,3,0.0,0,100.0,0,0,3,0,0,3,3.0
1086,3,0.0,0,100.0,0,0,3,0,0,3,3.0
1087,3,0.0,0,100.0,0,3,0,0,0,2,2.0
1088,0,0.0,0,,0,0,0,0,0,,
1089,3,0.0,0,100.0,0,0,0,3,0,4,4.0
1091,3,0.0,0,100.0,0,0,0,3,0,4,4.0
1092,3,0.0,0,100.0,0,0,0,3,0,4,4.0
1094,3,0.0,0,100.0,0,3,0,0,0,2,2.0
1096,3,0.0,0,100.0,3,0,0,0,0,1,1.0
1098,3,0.0,0,100.0,3,0,0,0,0,1,1.0
1099,3,0.0,0,100.0,0,3,0,0,0,2,2.0
1100,3,0.0,0,100.0,3,0,0,0,0,1,1.0
1101,3,0.0,0,100.0,3,0,0,0,0,1,1.0
1102,3,0.0,0,100.0,3,0,0,0,0,1,1.0
1103,3,0.0,0,100.0,3,0,0,0,0,1,1.0
1106,3,0.0,0,100.0,0,0,3,0,0,3,3.0
1107,3,0.0,0,100.0,0,0,3,0,0,3,3.0
1109,3,0.0,0,100.0,0,3,0,0,0,2,2.0
1110,3,0.0,0,100.0,0,0,3,0,0,3,3.0
1112,3,0.0,0,100.0,3,0,0,0,0,1,1.0
1113,3,0.0,0,100.0,0,3,0,0,0,2,2.0
1115,3,0.0,0,100.0,0,0,3,0,0,3,3.0
1117,3,0.0,0,100.0,0,3,0,0,0,2,2.0
1119,3,0.0,0,100.0,0,3,0,0,0,2,2.0
1120,3,0.0,0,100.0,0,3,0,0,0,2,2.0
1121,3,0.0,0,100.0,0,3,0,0,0,2,2.0
1125,3,0.0,0,100.0,3,0,0,0,0,1,1.0
1126,3,0.0,0,100.0,0,0,3,0,0,3,3.0
1128,3,0.0,0,100.0,0,0,3,0,0,3,3.0
1129,3,0.0,0,100.0,0,0,0,0,3,5,5.0
1136,3,0.0,0,100.0,0,0,3,0,0,3,3.0
1137,3,0.0,0,100.0,0,0,0,0,3,5,5.0
1139,3,0.0,0,100.0,0,3,0,0,0,2,2.0
1141,3,0.0,0,100.0,0,0,3,0,0,3,3.0
1143,3,0.0,0,100.0,0,3,0,0,0,2,2.0
1146,3,0.0,0,100.0,0,3,0,0,0,2,2.0
1148,3,0.0,0,100.0,3,0,0,0,0,1,1.0
1151,3,0.0,0,100.0,0,0,0,3,0,4,4.0
1152,3,0.0,0,100.0,3,0,0,0,0,1,1.0
1153,3,0.0,0,100.0,3,0,0,0,0,1,1.0
1154,3,0.0,0,100.0,0,0,3,0,0,3,3.0
1155,3,0.0,0,100.0,0,0,0,3,0,4,4.0
1156,3,0.0,0,100.0,0,3,0,0,0,2,2.0
1158,3,0.0,0,100.0,0,3,0,0,0,2,2.0
1159,3,0.0,0,100.0,3,0,0,0,0,1,1.0
1160,3,0.0,0,100.0,0,0,3,0,0,3,3.0
1164,3,0.0,0,100.0,0,0,0,3,0,4,4.0
1166,3,0.0,0,100.0,3,0,0,0,0,1,1.0
1168,3,0.0,0,100.0,0,3,0,0,0,2,2.0
1172,3,0.0,0,100.0,0,3,0,0,0,2,2.0
1173,3,0.0,0,100.0,0,0,3,0,0,3,3.0
1179,3,0.0,0,100.0,0,0,0,3,0,4,4.0
1180,0,0.0,0,,0,0,0,0,0,,
1181,3,0.0,0,100.0,0,0,0,3,0,4,4.0
1187,3,0.0,0,100.0,0,0,0,0,3,5,5.0
1189,3,0.0,0,100.0,0,0,3,0,0,3,3.0
1194,3,0.0,0,100.0,0,3,0,0,0,2,2.0
1218,3,0.0,0,100.0,0,0,3,0,0,3,3.0
1239,3,0.0,0,100.0,0,0,0,3,0,4,4.0
1240,3,0.0,0,100.0,0,0,3,0,0,3,3.0
1459,3,0.0,0,100.0,0,0,0,3,0,4,4.0
1461,3,0.0,0,100.0,3,0,0,0,0,1,1.0
1463,3,0.0,0,100.0,0,3,0,0,0,2,2.0
1464,3,0.0,0,100.0,0,0,0,3,0,4,4.0
1465,3,0.0,0,100.0,0,0,0,3,0,4,4.0
1466,3,0.0,0,100.0,0,0,0,0,3,5,5.0
1467,3,0.0,0,100.0,0,0,0,0,3,5,5.0
1468,3,0.0,0,100.0,0,0,3,0,0,3,3.0
1470,3,0.0,0,100.0,0,0,0,3,0,4,4.0
1471,3,0.0,0,100.0,3,0,0,0,0,1,1.0
1472,3,0.0,0,100.0,0,0,3,0,0,3,3.0
1473,3,0.0,0,100.0,0,0,3,0,0,3,3.0
1474,3,0.0,0,100.0,0,0,3,0,0,3,3.0
1475,3,0.0,0,100.0,0,3,0,0,0,2,2.0
1476,3,0.0,0,100.0,0,3,0,0,0,2,2.0
1477,3,0.0,0,100.0,3,0,0,0,0,1,1.0
1478,3,0.0,0,100.0,0,0,0,3,0,4,4.0
1480,3,0.0,0,100.0,0,0,3,0,0,3,3.0
1481,3,0.0,0,100.0,0,0,0,3,0,4,4.0
1482,3,0.0,0,100.0,0,3,0,0,0,2,2.0
1486,3,0.0,0,100.0,0,0,0,3,0,4,4.0
1487,3,0.0,0,100.0,0,0,0,3,0,4,4.0
1490,3,0.0,0,100.0,0,0,3,0,0,3,3.0
1492,3,0.0,0,100.0,0,0,0,3,0,4,4.0
1493,3,0.0,0,100.0,0,0,0,0,3,5,5.0
1495,3,0.0,0,100.0,0,3,0,0,0,2,2.0
1497,3,0.0,0,100.0,3,0,0,0,0,1,1.0
1498,3,0.0,0,100.0,3,0,0,0,0,1,1.0
1499,3,0.0,0,100.0,0,0,3,0,0,3,3.0
1500,3,0.0,0,100.0,0,0,3,0,0,3,3.0
1501,0,0.0,0,,0,0,0,0,0,,
1502,3,0.0,0,100.0,0,0,0,3,0,4,4.0
1504,3,0.0,0,100.0,0,0,0,3,0,4,4.0
1505,0,0.0,0,,0,0,0,0,0,,
1506,3,0.0,0,100.0,0,0,0,3,0,4,4.0
1508,3,0.0,0,100.0,0,0,0,3,0,4,4.0
1509,3,0.0,0,100.0,0,3,0,0,0,2,2.0
1511,3,0.0,0,100.0,0,0,0,3,0,4,4.0
1512,3,0.0,0,100.0,0,0,0,3,0,4,4.0
1515,3,0.0,0,100.0,0,0,0,0,3,5,5.0
1519,3,0.0,0,100.0,0,0,0,3,0,4,4.0
1520,3,0.0,0,100.0,3,0,0,0,0,1,1.0
1522,3,0.0,0,100.0,0,0,0,0,3,5,5.0
1523,3,0.0,0,100.0,0,0,0,0,3,5,5.0
1524,3,0.0,0,100.0,0,0,0,3,0,4,4.0
1525,3,0.0,0,100.0,0,0,0,3,0,4,4.0
1526,3,0.0,0,100.0,0,3,0,0,0,2,2.0
1528,3,0.0,0,100.0,0,0,0,0,3,5,5.0
1529,3,0.0,0,100.0,0,0,0,3,0,4,4.0
1532,3,0.0,0,100.0,0,0,0,0,3,5,5.0
1533,3,0.0,0,100.0,3,0,0,0,0,1,1.0
1534,3,0.0,0,100.0,0,0,0,3,0,4,4.0
1538,3,0.0,0,100.0,0,0,0,3,0,4,4.0
1539,3,0.0,0,100.0,0,3,0,0,0,2,2.0
1541,3,0.0,0,100.0,0,0,3,0,0,3,3.0
1542,3,0.0,0,100.0,0,0,0,0,3,5,5.0
1543,3,0.0,0,100.0,0,0,0,0,3,5,5.0
1544,3,0.0,0,100.0,0,0,0,3,0,4,4.0
1546,3,0.0,0,100.0,3,0,0,0,0,1,1.0
1548,3,0.0,0,100.0,0,0,3,0,0,3,3.0
1549,3,0.0,0,100.0,0,0,0,3,0,4,4.0
1551,3,0.0,0,100.0,0,0,3,0,0,3,3.0
1552,3,0.0,0,100.0,0,0,3,0,0,3,3.0
1553,3,0.0,0,100.0,0,0,0,0,3,5,5.0
1554,3,0.0,0,100.0,3,0,0,0,0,1,1.0
1555,3,0.0,0,100.0,0,3,0,0,0,2,2.0
1556,3,0.0,0,100.0,0,3,0,0,0,2,2.0
1557,3,0.0,0,100.0,0,0,0,0,3,5,5.0
1560,3,0.0,0,100.0,0,3,0,0,0,2,2.0
1561,3,0.0,0,100.0,0,0,0,0,3,5,5.0
1562,3,0.0,0,100.0,0,0,0,0,3,5,5.0
1563,3,0.0,0,100.0,0,0,3,0,0,3,3.0
1564,3,0.0,0,100.0,0,0,3,0,0,3,3.0
1565,3,0.0,0,100.0,0,0,3,0,0,3,3.0
1566,3,0.0,0,100.0,3,0,0,0,0,1,1.0
1568,3,0.0,0,100.0,0,0,3,0,0,3,3.0
1569,3,0.0,0,100.0,0,0,0,0,3,5,5.0
1570,3,0.0,0,100.0,3,0,0,0,0,1,1.0
1571,3,0.0,0,100.0,0,3,0,0,0,2,2.0
1572,3,0.0,0,100.0,0,3,0,0,0,2,2.0
1573,3,0.0,0,100.0,0,0,0,3,0,4,4.0
1574,3,0.0,0,100.0,0,0,0,0,3,5,5.0
1575,3,0.0,0,100.0,3,0,0,0,0,1,1.0
1576,3,0.0,0,100.0,0,0,0,0,3,5,5.0
1577,3,0.0,0,100.0,3,0,0,0,0,1,1.0
1579,3,0.0,0,100.0,0,0,0,0,3,5,5.0
1580,3,0.0,0,100.0,0,3,0,0,0,2,2.0
1581,3,0.0,0,100.0,0,3,0,0,0,2,2.0
1582,3,0.0,0,100.0,0,0,3,0,0,3,3.0
1586,3,0.0,0,100.0,0,0,3,0,0,3,3.0
1587,3,0.0,0,100.0,0,0,3,0,0,3,3.0
1588,3,0.0,0,100.0,0,0,3,0,0,3,3.0
1589,3,0.0,0,100.0,0,0,3,0,0,3,3.0
1591,3,0.0,0,100.0,0,0,0,3,0,4,4.0
1592,3,0.0,0,100.0,0,3,0,0,0,2,2.0
1593,3,0.0,0,100.0,0,0,0,3,0,4,4.0
1594,3,0.0,0,100.0,0,0,0,3,0,4,4.0
1595,3,0.0,0,100.0,0,3,0,0,0,2,2.0
1597,3,0.0,0,100.0,0,0,3,0,0,3,3.0
1598,0,0.0,0,,0,0,0,0,0,,
1600,3,0.0,0,100.0,0,0,0,3,0,4,4.0
1601,3,0.0,0,100.0,0,0,0,3,0,4,4.0
1603,3,0.0,0,100.0,0,0,3,0,0,3,3.0
1606,3,0.0,0,100.0,0,0,3,0,0,3,3.0
1607,0,0.0,0,,0,0,0,0,0,,
1608,3,0.0,0,100.0,0,0,0,3,0,4,4.0
1609,3,0.0,0,100.0,0,0,3,0,0,3,3.0
1610,3,0.0,0,100.0,0,0,0,0,3,5,5.0
1611,3,0.0,0,100.0,0,0,3,0,0,3,3.0
1613,3,0.0,0,100.0,0,0,0,0,3,5,5.0
1614,3,0.0,0,100.0,0,0,3,0,0,3,3.0
1615,3,0.0,0,100.0,0,0,0,0,3,5,5.0
1616,3,0.0,0,100.0,0,0,3,0,0,3,3.0
1617,3,0.0,0,100.0,0,0,0,3,0,4,4.0
1618,3,0.0,0,100.0,0,0,0,3,0,4,4.0
1622,3,0.0,0,100.0,0,0,0,3,0,4,4.0
1628,3,0.0,0,100.0,0,0,0,3,0,4,4.0
1629,3,0.0,0,100.0,0,0,0,3,0,4,4.0
1632,3,0.0,0,100.0,0,3,0,0,0,2,2.0
1633,3,0.0,0,100.0,0,0,0,3,0,4,4.0
1634,3,0.0,0,100.0,0,3,0,0,0,2,2.0
1641,3,0.0,0,100.0,3,0,0,0,0,1,1.0
1644,3,0.0,0,100.0,0,0,3,0,0,3,3.0
1646,3,0.0,0,100.0,0,3,0,0,0,2,2.0
1654,3,0.0,0,100.0,0,3,0,0,0,2,2.0
1656,3,0.0,0,100.0,3,0,0,0,0,1,1.0
1657,3,0.0,0,100.0,0,0,3,0,0,3,3.0
1659,3,0.0,0,100.0,0,0,0,0,3,5,5.0
1660,3,0.0,0,100.0,3,0,0,0,0,1,1.0
1661,3,0.0,0,100.0,3,0,0,0,0,1,1.0
1663,3,0.0,0,100.0,0,3,0,0,0,2,2.0
1664,3,0.0,0,100.0,3,0,0,0,0,1,1.0
1668,3,0.0,0,100.0,0,0,3,0,0,3,3.0
1670,3,0.0,0,100.0,0,0,3,0,0,3,3.0
1671,3,0.0,0,100.0,0,3,0,0,0,2,2.0
1672,3,0.0,0,100.0,0,3,0,0,0,2,2.0
1673,3,0.0,0,100.0,0,0,0,0,3,5,5.0
1677,3,0.0,0,100.0,0,3,0,0,0,2,2.0
1678,3,0.0,0,100.0,0,0,3,0,0,3,3.0
1679,3,0.0,0,100.0,3,0,0,0,0,1,1.0
1681,3,0.0,0,100.0,0,0,0,3,0,4,4.0
1682,3,0.0,0,100.0,0,3,0,0,0,2,2.0
1683,3,0.0,0,100.0,0,0,0,3,0,4,4.0
1685,3,0.0,0,100.0,0,3,0,0,0,2,2.0
1692,3,0.0,0,100.0,0,3,0,0,0,2,2.0
1911,3,0.0,0,100.0,0,0,3,0,0,3,3.0
1912,3,0.0,0,100.0,0,0,3,0,0,3,3.0
1913,3,0.0,0,100.0,0,0,0,0,3,5,5.0
1914,3,0.0,0,100.0,0,3,0,0,0,2,2.0
1915,3,0.0,0,100.0,0,0,0,3,0,4,4.0
1916,3,0.0,0,100.0,0,0,0,3,0,4,4.0
1917,3,0.0,0,100.0,0,3,0,0,0,2,2.0
1919,3,0.0,0,100.0,0,3,0,0,0,2,2.0
1920,3,0.0,0,100.0,3,0,0,0,0,1,1.0
1921,3,0.0,0,100.0,0,3,0,0,0,2,2.0
1922,3,0.0,0,100.0,0,3,0,0,0,2,2.0
1923,3,0.0,0,100.0,0,0,0,3,0,4,4.0
1924,3,0.0,0,100.0,0,3,0,0,0,2,2.0
1926,3,0.0,0,100.0,0,0,3,0,0,3,3.0
1928,3,0.0,0,100.0,0,0,3,0,0,3,3.0
1930,3,0.0,0,100.0,0,3,0,0,0,2,2.0
1931,3,0.0,0,100.0,3,0,0,0,0,1,1.0
1932,3,0.0,0,100.0,0,0,0,3,0,4,4.0
1934,3,0.0,0,100.0,0,0,0,3,0,4,4.0
1935,3,0.0,0,100.0,0,0,3,0,0,3,3.0
1936,3,0.0,0,100.0,0,3,0,0,0,2,2.0
1940,3,0.0,0,100.0,0,0,3,0,0,3,3.0
1941,3,0.0,0,100.0,0,0,3,0,0,3,3.0
1942,3,0.0,0,100.0,0,0,0,3,0,4,4.0
1943,3,0.0,0,100.0,3,0,0,0,0,1,1.0
1944,3,0.0,0,100.0,0,0,3,0,0,3,3.0
1946,3,0.0,0,100.0,0,3,0,0,0,2,2.0
1947,3,0.0,0,100.0,0,0,3,0,0,3,3.0
1948,3,0.0,0,100.0,0,0,0,0,3,5,5.0
1949,3,0.0,0,100.0,0,0,0,3,0,4,4.0
1950,3,0.0,0,100.0,0,3,0,0,0,2,2.0
1952,3,0.0,0,100.0,0,3,0,0,0,2,2.0
1953,3,0.0,0,100.0,0,0,3,0,0,3,3.0
1954,3,0.0,0,100.0,0,0,0,3,0,4,4.0
1957,3,0.0,0,100.0,0,0,3,0,0,3,3.0
1959,3,0.0,0,100.0,0,0,0,0,3,5,5.0
1960,3,0.0,0,100.0,3,0,0,0,0,1,1.0
1961,3,0.0,0,100.0,0,3,0,0,0,2,2.0
1964,3,0.0,0,100.0,0,3,0,0,0,2,2.0
1965,3,0.0,0,100.0,0,3,0,0,0,2,2.0
1966,3,0.0,0,100.0,0,0,0,3,0,4,4.0
1967,3,0.0,0,100.0,0,0,0,3,0,4,4.0
1968,3,0.0,0,100.0,0,3,0,0,0,2,2.0
1969,3,0.0,0,100.0,0,3,0,0,0,2,2.0
1970,3,0.0,0,100.0,0,0,3,0,0,3,3.0
1971,3,0.0,0,100.0,0,0,3,0,0,3,3.0
1974,3,0.0,0,100.0,0,3,0,0,0,2,2.0
1975,3,0.0,0,100.0,0,0,3,0,0,3,3.0
1976,3,0.0,0,100.0,0,3,0,0,0,2,2.0
1977,3,0.0,0,100.0,0,0,3,0,0,3,3.0
1978,3,0.0,0,100.0,0,3,0,0,0,2,2.0
1979,3,0.0,0,100.0,0,0,3,0,0,3,3.0
1981,3,0.0,0,100.0,0,3,0,0,0,2,2.0
1983,3,0.0,0,100.0,0,0,0,3,0,4,4.0
1984,3,0.0,0,100.0,0,0,3,0,0,3,3.0
1985,3,0.0,0,100.0,3,0,0,0,0,1,1.0
1987,3,0.0,0,100.0,0,0,0,3,0,4,4.0
1988,3,0.0,0,100.0,0,0,3,0,0,3,3.0
1989,3,0.0,0,100.0,3,0,0,0,0,1,1.0
1990,3,0.0,0,100.0,0,3,0,0,0,2,2.0
1991,3,0.0,0,100.0,0,0,0,3,0,4,4.0
1993,3,0.0,0,100.0,0,0,0,3,0,4,4.0
1994,3,0.0,0,100.0,0,3,0,0,0,2,2.0
1995,3,0.0,0,100.0,0,3,0,0,0,2,2.0
1999,3,0.0,0,100.0,3,0,0,0,0,1,1.0
2000,3,0.0,0,100.0,0,0,0,3,0,4,4.0
2001,3,0.0,0,100.0,0,0,0,3,0,4,4.0
2002,3,0.0,0,100.0,0,3,0,0,0,2,2.0
2003,3,0.0,0,100.0,0,0,0,3,0,4,4.0
2004,3,0.0,0,100.0,0,0,3,0,0,3,3.0
2005,3,0.0,0,100.0,0,3,0,0,0,2,2.0
2006,3,0.0,0,100.0,0,0,3,0,0,3,3.0
2007,3,0.0,0,100.0,0,0,3,0,0,3,3.0
2008,3,0.0,0,100.0,0,3,0,0,0,2,2.0
2010,3,0.0,0,100.0,0,3,0,0,0,2,2.0
2011,3,0.0,0,100.0,0,0,3,0,0,3,3.0
2012,3,0.0,0,100.0,0,0,3,0,0,3,3.0
2013,3,0.0,0,100.0,0,0,0,3,0,4,4.0
2014,3,0.0,0,100.0,0,0,0,0,3,5,5.0
2015,3,0.0,0,100.0,3,0,0,0,0,1,1.0
2016,3,0.0,0,100.0,0,3,0,0,0,2,2.0
2017,3,0.0,0,100.0,0,3,0,0,0,2,2.0
2018,3,0.0,0,100.0,0,3,0,0,0,2,2.0
2024,3,0.0,0,100.0,0,3,0,0,0,2,2.0
2025,3,0.0,0,100.0,0,3,0,0,0,2,2.0
2026,3,0.0,0,100.0,0,0,3,0,0,3,3.0
2027,3,0.0,0,100.0,0,0,0,3,0,4,4.0
2030,3,0.0,0,100.0,0,3,0,0,0,2,2.0
2031,3,0.0,0,100.0,0,3,0,0,0,2,2.0
2033,3,0.0,0,100.0,0,3,0,0,0,2,2.0
2034,3,0.0,0,100.0,0,3,0,0,0,2,2.0
2035,3,0.0,0,100.0,0,0,0,0,3,5,5.0
2036,3,0.0,0,100.0,3,0,0,0,0,1,1.0
2039,0,0.0,0,,0,0,0,0,0,,
2040,3,0.0,0,100.0,0,0,3,0,0,3,3.0
2043,3,0.0,0,100.0,3,0,0,0,0,1,1.0
2045,3,0.0,0,100.0,0,3,0,0,0,2,2.0
2046,3,0.0,0,100.0,0,3,0,0,0,2,2.0
2050,3,0.0,0,100.0,0,3,0,0,0,2,2.0
2051,3,0.0,0,100.0,0,0,3,0,0,3,3.0
2053,3,0.0,0,100.0,0,3,0,0,0,2,2.0
2054,3,0.0,0,100.0,0,3,0,0,0,2,2.0
2055,3,0.0,0,100.0,3,0,0,0,0,1,1.0
2056,3,0.0,0,100.0,3,0,0,0,0,1,1.0
2057,3,0.0,0,100.0,0,3,0,0,0,2,2.0
2058,3,0.0,0,100.0,0,0,0,3,0,4,4.0
2059,3,0.0,0,100.0,0,0,0,0,3,5,5.0
2060,3,0.0,0,100.0,0,0,0,0,3,5,5.0
2061,3,0.0,0,100.0,0,0,0,3,0,4,4.0
2062,3,0.0,0,100.0,0,0,0,3,0,4,4.0
2063,3,0.0,0,100.0,0,0,3,0,0,3,3.0
2064,3,0.0,0,100.0,3,0,0,0,0,1,1.0
2065,3,0.0,0,100.0,3,0,0,0,0,1,1.0
2066,3,0.0,0,100.0,0,3,0,0,0,2,2.0
2067,3,0.0,0,100.0,0,0,0,3,0,4,4.0
2069,3,0.0,0,100.0,0,3,0,0,0,2,2.0
2073,3,0.0,0,100.0,0,3,0,0,0,2,2.0
2074,3,0.0,0,100.0,0,0,0,0,3,5,5.0
2075,3,0.0,0,100.0,0,3,0,0,0,2,2.0
2076,3,0.0,0,100.0,3,0,0,0,0,1,1.0
2079,3,0.0,0,100.0,0,0,0,3,0,4,4.0
2080,3,0.0,0,100.0,0,0,0,3,0,4,4.0
2081,3,0.0,0,100.0,0,3,0,0,0,2,2.0
2083,3,0.0,0,100.0,0,3,0,0,0,2,2.0
2084,3,0.0,0,100.0,3,0,0,0,0,1,1.0
2085,0,0.0,0,,0,0,0,0,0,,
2087,3,0.0,0,100.0,0,0,3,0,0,3,3.0
2088,3,0.0,0,100.0,0,3,0,0,0,2,2.0
2089,3,0.0,0,100.0,0,3,0,0,0,2,2.0
2090,3,0.0,0,100.0,0,3,0,0,0,2,2.0
2091,3,0.0,0,100.0,0,0,0,0,3,5,5.0
2093,3,0.0,0,100.0,0,3,0,0,0,2,2.0
2095,3,0.0,0,100.0,0,3,0,0,0,2,2.0
2096,3,0.0,0,100.0,0,3,0,0,0,2,2.0
2099,3,0.0,0,100.0,0,3,0,0,0,2,2.0
2100,3,0.0,0,100.0,3,0,0,0,0,1,1.0
2102,3,0.0,0,100.0,3,0,0,0,0,1,1.0
2103,3,0.0,0,100.0,0,0,0,0,3,5,5.0
2105,3,0.0,0,100.0,0,0,3,0,0,3,3.0
2107,3,0.0,0,100.0,3,0,0,0,0,1,1.0
2108,3,0.0,0,100.0,0,0,3,0,0,3,3.0
2109,3,0.0,0,100.0,0,0,0,3,0,4,4.0
2112,3,0.0,0,100.0,3,0,0,0,0,1,1.0
2113,3,0.0,0,100.0,0,0,3,0,0,3,3.0
2116,3,0.0,0,100.0,0,3,0,0,0,2,2.0
2123,3,0.0,0,100.0,0,3,0,0,0,2,2.0
2125,3,0.0,0,100.0,0,0,0,0,3,5,5.0
2130,3,0.0,0,100.0,0,0,0,0,3,5,5.0
2132,3,0.0,0,100.0,0,0,0,0,3,5,5.0
2134,3,0.0,0,100.0,0,0,3,0,0,3,3.0
2423,3,0.0,0,100.0,0,0,0,3,0,4,4.0
2424,3,0.0,0,100.0,0,0,3,0,0,3,3.0
2425,3,0.0,0,100.0,0,3,0,0,0,2,2.0
2426,3,0.0,0,100.0,0,0,0,3,0,4,4.0
2427,3,0.0,0,100.0,0,0,0,3,0,4,4.0
2428,3,0.0,0,100.0,0,0,3,0,0,3,3.0
2429,3,0.0,0,100.0,0,0,3,0,0,3,3.0
2430,3,0.0,0,100.0,3,0,0,0,0,1,1.0
2431,3,0.0,0,100.0,0,0,0,0,3,5,5.0
2432,3,0.0,0,100.0,0,0,0,3,0,4,4.0
2433,0,0.0,0,,0,0,0,0,0,,
2434,3,0.0,0,100.0,0,0,3,0,0,3,3.0
2435,3,0.0,0,100.0,3,0,0,0,0,1,1.0
2436,3,0.0,0,100.0,0,0,3,0,0,3,3.0
2437,3,0.0,0,100.0,0,3,0,0,0,2,2.0
2438,3,0.0,0,100.0,0,3,0,0,0,2,2.0
2439,3,0.0,0,100.0,0,3,0,0,0,2,2.0
2440,3,0.0,0,100.0,0,3,0,0,0,2,2.0
2445,0,0.0,0,,0,0,0,0,0,,
2446,3,0.0,0,100.0,0,0,3,0,0,3,3.0
2447,3,0.0,0,100.0,3,0,0,0,0,1,1.0
2449,3,0.0,0,100.0,0,0,0,3,0,4,4.0
2450,3,0.0,0,100.0,0,0,0,0,3,5,5.0
2452,3,0.0,0,100.0,3,0,0,0,0,1,1.0
2453,3,0.0,0,100.0,3,0,0,0,0,1,1.0
2454,3,0.0,0,100.0,0,3,0,0,0,2,2.0
2456,3,0.0,0,100.0,3,0,0,0,0,1,1.0
2457,3,0.0,0,100.0,3,0,0,0,0,1,1.0
2459,3,0.0,0,100.0,0,3,0,0,0,2,2.0
2460,3,0.0,0,100.0,0,0,3,0,0,3,3.0
2461,3,0.0,0,100.0,0,0,0,3,0,4,4.0
2463,3,0.0,0,100.0,0,3,0,0,0,2,2.0
2464,3,0.0,0,100.0,0,0,0,3,0,4,4.0
2466,3,0.0,0,100.0,0,0,3,0,0,3,3.0
2467,3,0.0,0,100.0,0,3,0,0,0,2,2.0
2468,3,0.0,0,100.0,3,0,0,0,0,1,1.0
2469,3,0.0,0,100.0,0,3,0,0,0,2,2.0
2471,3,0.0,0,100.0,0,3,0,0,0,2,2.0
2473,3,0.0,0,100.0,0,3,0,0,0,2,2.0
2474,3,0.0,0,100.0,0,3,0,0,0,2,2.0
2475,3,0.0,0,100.0,0,0,3,0,0,3,3.0
2476,3,0.0,0,100.0,0,3,0,0,0,2,2.0
2477,3,0.0,0,100.0,0,0,3,0,0,3,3.0
2478,3,0.0,0,100.0,0,0,0,3,0,4,4.0
2479,3,0.0,0,100.0,0,0,3,0,0,3,3.0
2482,3,0.0,0,100.0,0,0,3,0,0,3,3.0
2483,3,0.0,0,100.0,0,3,0,0,0,2,2.0
2484,3,0.0,0,100.0,0,3,0,0,0,2,2.0
2485,3,0.0,0,100.0,0,3,0,0,0,2,2.0
2487,3,0.0,0,100.0,0,3,0,0,0,2,2.0
2488,3,0.0,0,100.0,3,0,0,0,0,1,1.0
2489,3,0.0,0,100.0,0,0,3,0,0,3,3.0
2490,3,0.0,0,100.0,0,0,0,3,0,4,4.0
2492,3,0.0,0,100.0,0,0,0,3,0,4,4.0
2493,3,0.0,0,100.0,0,0,3,0,0,3,3.0
2494,3,0.0,0,100.0,0,3,0,0,0,2,2.0
2495,3,0.0,0,100.0,3,0,0,0,0,1,1.0
2497,3,0.0,0,100.0,0,3,0,0,0,2,2.0
2501,3,0.0,0,100.0,0,0,3,0,0,3,3.0
2503,3,0.0,0,100.0,0,0,0,0,3,5,5.0
2505,3,0.0,0,100.0,0,3,0,0,0,2,2.0
2506,3,0.0,0,100.0,0,0,3,0,0,3,3.0
2508,3,0.0,0,100.0,3,0,0,0,0,1,1.0
2511,3,0.0,0,100.0,0,0,3,0,0,3,3.0
2513,3,0.0,0,100.0,3,0,0,0,0,1,1.0
2514,3,0.0,0,100.0,0,0,3,0,0,3,3.0
2516,3,0.0,0,100.0,0,0,3,0,0,3,3.0
2518,3,0.0,0,100.0,0,3,0,0,0,2,2.0
2520,3,0.0,0,100.0,0,3,0,0,0,2,2.0
2521,3,0.0,0,100.0,0,0,0,3,0,4,4.0
2523,3,0.0,0,100.0,0,3,0,0,0,2,2.0
2524,3,0.0,0,100.0,0,0,0,3,0,4,4.0
2525,3,0.0,0,100.0,0,0,0,3,0,4,4.0
2526,3,0.0,0,100.0,3,0,0,0,0,1,1.0
2528,3,0.0,0,100.0,0,3,0,0,0,2,2.0
2529,3,0.0,0,100.0,0,3,0,0,0,2,2.0
2530,3,0.0,0,100.0,0,0,0,3,0,4,4.0
2532,3,0.0,0,100.0,0,0,0,3,0,4,4.0
2533,3,0.0,0,100.0,0,3,0,0,0,2,2.0
2534,3,0.0,0,100.0,0,3,0,0,0,2,2.0
2535,3,0.0,0,100.0,0,3,0,0,0,2,2.0
2536,3,0.0,0,100.0,0,3,0,0,0,2,2.0
2537,3,0.0,0,100.0,0,0,3,0,0,3,3.0
2538,3,0.0,0,100.0,3,0,0,0,0,1,1.0
2539,3,0.0,0,100.0,0,3,0,0,0,2,2.0
2542,3,0.0,0,100.0,0,0,3,0,0,3,3.0
2543,0,0.0,0,,0,0,0,0,0,,
2544,3,0.0,0,100.0,0,3,0,0,0,2,2.0
2545,3,0.0,0,100.0,3,0,0,0,0,1,1.0
2546,3,0.0,0,100.0,3,0,0,0,0,1,1.0
2548,3,0.0,0,100.0,0,0,3,0,0,3,3.0
2549,3,0.0,0,100.0,0,0,0,3,0,4,4.0
2550,3,0.0,0,100.0,0,0,0,3,0,4,4.0
2553,3,0.0,0,100.0,0,0,3,0,0,3,3.0
2554,3,0.0,0,100.0,0,0,3,0,0,3,3.0
2556,3,0.0,0,100.0,3,0,0,0,0,1,1.0
2557,3,0.0,0,100.0,3,0,0,0,0,1,1.0
2558,3,0.0,0,100.0,0,0,3,0,0,3,3.0
2559,3,0.0,0,100.0,0,0,0,3,0,4,4.0
2562,3,0.0,0,100.0,0,3,0,0,0,2,2.0
2563,3,0.0,0,100.0,0,0,0,3,0,4,4.0
2564,3,0.0,0,100.0,0,0,3,0,0,3,3.0
2565,3,0.0,0,100.0,0,0,0,3,0,4,4.0
2566,0,0.0,0,,0,0,0,0,0,,
2567,3,0.0,0,100.0,0,0,0,0,3,5,5.0
2568,3,0.0,0,100.0,0,0,3,0,0,3,3.0
2569,3,0.0,0,100.0,0,3,0,0,0,2,2.0
2570,3,0.0,0,100.0,0,3,0,0,0,2,2.0
2571,3,0.0,0,100.0,0,0,3,0,0,3,3.0
2573,3,0.0,0,100.0,3,0,0,0,0,1,1.0
2575,3,0.0,0,100.0,3,0,0,0,0,1,1.0
2577,3,0.0,0,100.0,0,0,0,3,0,4,4.0
2578,3,0.0,0,100.0,0,3,0,0,0,2,2.0
2579,3,0.0,0,100.0,0,0,0,3,0,4,4.0
2580,3,0.0,0,100.0,0,0,3,0,0,3,3.0
2581,3,0.0,0,100.0,0,0,0,3,0,4,4.0
2583,3,0.0,0,100.0,0,0,3,0,0,3,3.0
2584,3,0.0,0,100.0,0,0,0,0,3,5,5.0
2585,3,0.0,0,100.0,0,0,3,0,0,3,3.0
2587,3,0.0,0,100.0,0,3,0,0,0,2,2.0
2588,3,0.0,0,100.0,0,3,0,0,0,2,2.0
2589,3,0.0,0,100.0,0,3,0,0,0,2,2.0
2591,3,0.0,0,100.0,0,0,0,3,0,4,4.0
2592,3,0.0,0,100.0,0,0,3,0,0,3,3.0
2594,3,0.0,0,100.0,0,3,0,0,0,2,2.0
2595,3,0.0,0,100.0,0,0,0,0,3,5,5.0
2596,3,0.0,0,100.0,0,0,0,3,0,4,4.0
2598,3,0.0,0,100.0,0,0,0,3,0,4,4.0
2599,3,0.0,0,100.0,0,0,3,0,0,3,3.0
2601,3,0.0,0,100.0,0,0,3,0,0,3,3.0
2604,3,0.0,0,100.0,0,0,0,3,0,4,4.0
2605,3,0.0,0,100.0,0,3,0,0,0,2,2.0
2608,3,0.0,0,100.0,0,0,0,3,0,4,4.0
2610,3,0.0,0,100.0,0,0,3,0,0,3,3.0
2612,3,0.0,0,100.0,0,0,3,0,0,3,3.0
2619,3,0.0,0,100.0,0,0,3,0,0,3,3.0
2620,3,0.0,0,100.0,0,0,3,0,0,3,3.0
2622,3,0.0,0,100.0,0,3,0,0,0,2,2.0
2623,3,0.0,0,100.0,3,0,0,0,0,1,1.0
2630,3,0.0,0,100.0,0,0,0,3,0,4,4.0
2634,3,0.0,0,100.0,0,0,0,3,0,4,4.0
2639,3,0.0,0,100.0,3,0,0,0,0,1,1.0
2640,3,0.0,0,100.0,0,3,0,0,0,2,2.0
2641,3,0.0,0,100.0,0,0,3,0,0,3,3.0
2644,3,0.0,0,100.0,0,3,0,0,0,2,2.0
2646,3,0.0,0,100.0,0,3,0,0,0,2,2.0
2651,3,0.0,0,100.0,0,0,0,0,3,5,5.0
2658,3,0.0,0,100.0,0,0,3,0,0,3,3.0
